STAGE5 START 14:57:06

########## .venv/Scripts/python.exe -m experiments.e2_main data_efficiency ##########  14:57:06
[Phase 4] run_id=data_efficiency/ours_n10_rep0  smoke=False  seed=1337
[Phase 4] data: C:\CAOR\runs\data_efficiency\ours_n10_rep0\train_subset.parquet / C:\CAOR\data\test.parquet
[Phase 4] train: 320 rows; test: 1525 rows
[Phase 4] derived labels: shift subset: budget=10 rep=0
[Phase 4] labels: tau=4 M=20 beta=0.4698 policy=random
[Phase 4] pool (from labels, K=6) = ['EEDD', 'COVERT', 'MS', 'ATC', 'MDD', 'EDD']
[Phase 4] fitting regime layer (GMM, K-sweep + ARI stability)...
  K* = 6  BIC = 2626.6  mean ARI = 0.9631  stable=True  (6.9s)
  BIC sweep: {2: 3249.078963748948, 3: 3208.4347171263853, 4: 3536.8364857869065, 5: 3362.697464386307, 6: 2813.4129238488968, 7: 3552.4070397557425, 8: 4420.583797272062, 10: 6778.555148769503, 12: 8211.443301962277}
  attached regime posteriors: ['regime_post_0', 'regime_post_1', 'regime_post_2', 'regime_post_3', 'regime_post_4', 'regime_post_5']
[Phase 4] HP search on training data (cross_validate_ranker)...
  best params = {'max_depth': 4, 'n_estimators': 200, 'learning_rate': 0.03}
  mean CV soft-xent = 0.91174  per-fold = ['0.9461', '0.9453', '1.0437', '0.7514', '0.8723']
  HP-search wall: 356.3s  (combos: 18)
[Phase 4] skip-cv-cal flag set; not running 5-fold calibration report.
[Phase 4] final calibration split: 256 train rows (8 shifts) / 64 calibration rows (2 shifts)
[Phase 4] refit ranker on inner-train with best HPs...
  refit wall: 4.6s
[Phase 4] fitting isotonic calibrator on the 20% shift split...
[calibration] 2 of 6 rules never win in the calibration split (indices [3, 5]); their probabilities are passed through uncalibrated.
  calibration wall: 0.0s
[Phase 4] evaluating calibration on test.parquet...
  ECE  pre=0.1604   post=0.0628
  Brier pre=0.2109  post=0.1603
  soft-xent  pre=0.88268  post=3.40307
  test rows: 1525

Saved artifacts under runs\data_efficiency\ours_n10_rep0/
  calibrator.joblib
  label_meta.json
  model.json
  phase4_metrics.json
  phase4_regime.json
  ranker_meta.joblib
  regime.joblib
  train_subset.parquet
[Phase 4] run_id=data_efficiency/ours_n10_rep1  smoke=False  seed=1337
[Phase 4] data: C:\CAOR\runs\data_efficiency\ours_n10_rep1\train_subset.parquet / C:\CAOR\data\test.parquet
[Phase 4] train: 320 rows; test: 1525 rows
[Phase 4] derived labels: shift subset: budget=10 rep=1
[Phase 4] labels: tau=4 M=20 beta=0.4698 policy=random
[Phase 4] pool (from labels, K=6) = ['EEDD', 'COVERT', 'MS', 'ATC', 'MDD', 'EDD']
[Phase 4] fitting regime layer (GMM, K-sweep + ARI stability)...
  K* = 4  BIC = 4014.7  mean ARI = 0.8959  stable=True  (5.7s)
  BIC sweep: {2: 10100.755159272212, 3: 5070.940699425537, 4: 4014.705947764014, 5: 4586.062093090564, 6: 5050.276825238996, 7: 5843.161698552622, 8: 6998.831308317302, 10: 8516.420930408292, 12: 11340.162623526896}
  attached regime posteriors: ['regime_post_0', 'regime_post_1', 'regime_post_2', 'regime_post_3']
[Phase 4] HP search on training data (cross_validate_ranker)...
  best params = {'max_depth': 4, 'n_estimators': 200, 'learning_rate': 0.03}
  mean CV soft-xent = 1.03981  per-fold = ['1.0523', '1.1504', '1.0316', '1.0568', '0.9079']
  HP-search wall: 363.5s  (combos: 18)
[Phase 4] skip-cv-cal flag set; not running 5-fold calibration report.
[Phase 4] final calibration split: 256 train rows (8 shifts) / 64 calibration rows (2 shifts)
[Phase 4] refit ranker on inner-train with best HPs...
  refit wall: 4.7s
[Phase 4] fitting isotonic calibrator on the 20% shift split...
[calibration] 1 of 6 rules never win in the calibration split (indices [3]); their probabilities are passed through uncalibrated.
  calibration wall: 0.0s
[Phase 4] evaluating calibration on test.parquet...
  ECE  pre=0.1754   post=0.0363
  Brier pre=0.2136  post=0.1727
  soft-xent  pre=0.88921  post=4.60972
  test rows: 1525

Saved artifacts under runs\data_efficiency\ours_n10_rep1/
  calibrator.joblib
  label_meta.json
  model.json
  phase4_metrics.json
  phase4_regime.json
  ranker_meta.joblib
  regime.joblib
  train_subset.parquet
[Phase 4] run_id=data_efficiency/ours_n10_rep2  smoke=False  seed=1337
[Phase 4] data: C:\CAOR\runs\data_efficiency\ours_n10_rep2\train_subset.parquet / C:\CAOR\data\test.parquet
[Phase 4] train: 320 rows; test: 1525 rows
[Phase 4] derived labels: shift subset: budget=10 rep=2
[Phase 4] labels: tau=4 M=20 beta=0.4698 policy=random
[Phase 4] pool (from labels, K=6) = ['EEDD', 'COVERT', 'MS', 'ATC', 'MDD', 'EDD']
[Phase 4] fitting regime layer (GMM, K-sweep + ARI stability)...
[regime] WARNING: BIC-optimal K=2 sits at the EDGE of k_grid=[2, 3, 4, 5, 6, 7, 8, 10, 12]. K is being chosen by the grid boundary, not by the data. Widen cfg.regime.k_grid and re-run before reporting K*.
  K* = 2  BIC = 3933.4  mean ARI = 1.0000  stable=True  (4.8s)
  BIC sweep: {2: 3933.434897822469, 3: 4181.8252711284085, 4: 4993.690908242986, 5: 4009.493411931733, 6: 4691.359108314638, 7: 5899.986688378742, 8: 6533.059692312472, 10: 8369.471387796737, 12: 10532.918749684744}
  attached regime posteriors: ['regime_post_0', 'regime_post_1']
[Phase 4] HP search on training data (cross_validate_ranker)...
  best params = {'max_depth': 4, 'n_estimators': 200, 'learning_rate': 0.03}
  mean CV soft-xent = 0.98702  per-fold = ['0.9402', '0.7054', '1.2510', '1.0131', '1.0253']
  HP-search wall: 351.5s  (combos: 18)
[Phase 4] skip-cv-cal flag set; not running 5-fold calibration report.
[Phase 4] final calibration split: 256 train rows (8 shifts) / 64 calibration rows (2 shifts)
[Phase 4] refit ranker on inner-train with best HPs...
  refit wall: 4.7s
[Phase 4] fitting isotonic calibrator on the 20% shift split...
[calibration] 3 of 6 rules never win in the calibration split (indices [2, 3, 5]); their probabilities are passed through uncalibrated.
  calibration wall: 0.0s
[Phase 4] evaluating calibration on test.parquet...
  ECE  pre=0.1468   post=0.0835
  Brier pre=0.1877  post=0.1784
  soft-xent  pre=0.88560  post=1.95340
  test rows: 1525

Saved artifacts under runs\data_efficiency\ours_n10_rep2/
  calibrator.joblib
  label_meta.json
  model.json
  phase4_metrics.json
  phase4_regime.json
  ranker_meta.joblib
  regime.joblib
  train_subset.parquet
[Phase 4] run_id=data_efficiency/ours_n10_rep3  smoke=False  seed=1337
[Phase 4] data: C:\CAOR\runs\data_efficiency\ours_n10_rep3\train_subset.parquet / C:\CAOR\data\test.parquet
[Phase 4] train: 320 rows; test: 1525 rows
[Phase 4] derived labels: shift subset: budget=10 rep=3
[Phase 4] labels: tau=4 M=20 beta=0.4698 policy=random
[Phase 4] pool (from labels, K=6) = ['EEDD', 'COVERT', 'MS', 'ATC', 'MDD', 'EDD']
[Phase 4] fitting regime layer (GMM, K-sweep + ARI stability)...
  K* = 5  BIC = 2263.8  mean ARI = 0.8870  stable=True  (6.5s)
  BIC sweep: {2: 8240.182963500518, 3: 3241.218870989574, 4: 3041.6630393765263, 5: 2850.475676242824, 6: 2975.962413780024, 7: 3525.1477540456817, 8: 4894.007657480692, 10: 6891.085874630357, 12: 9837.325564706964}
  attached regime posteriors: ['regime_post_0', 'regime_post_1', 'regime_post_2', 'regime_post_3', 'regime_post_4']
[Phase 4] HP search on training data (cross_validate_ranker)...
  best params = {'max_depth': 4, 'n_estimators': 200, 'learning_rate': 0.03}
  mean CV soft-xent = 0.90134  per-fold = ['0.8289', '0.9397', '0.7567', '0.9829', '0.9987']
  HP-search wall: 315.7s  (combos: 18)
[Phase 4] skip-cv-cal flag set; not running 5-fold calibration report.
[Phase 4] final calibration split: 256 train rows (8 shifts) / 64 calibration rows (2 shifts)
[Phase 4] refit ranker on inner-train with best HPs...
  refit wall: 3.1s
[Phase 4] fitting isotonic calibrator on the 20% shift split...
[calibration] 3 of 6 rules never win in the calibration split (indices [3, 4, 5]); their probabilities are passed through uncalibrated.
  calibration wall: 0.0s
[Phase 4] evaluating calibration on test.parquet...
  ECE  pre=0.1689   post=0.0809
  Brier pre=0.2038  post=0.1763
  soft-xent  pre=0.89273  post=2.46082
  test rows: 1525

Saved artifacts under runs\data_efficiency\ours_n10_rep3/
  calibrator.joblib
  label_meta.json
  model.json
  phase4_metrics.json
  phase4_regime.json
  ranker_meta.joblib
  regime.joblib
  train_subset.parquet
[Phase 4] run_id=data_efficiency/ours_n10_rep4  smoke=False  seed=1337
[Phase 4] data: C:\CAOR\runs\data_efficiency\ours_n10_rep4\train_subset.parquet / C:\CAOR\data\test.parquet
[Phase 4] train: 320 rows; test: 1525 rows
[Phase 4] derived labels: shift subset: budget=10 rep=4
[Phase 4] labels: tau=4 M=20 beta=0.4698 policy=random
[Phase 4] pool (from labels, K=6) = ['EEDD', 'COVERT', 'MS', 'ATC', 'MDD', 'EDD']
[Phase 4] fitting regime layer (GMM, K-sweep + ARI stability)...
  K* = 5  BIC = 4684.7  mean ARI = 0.8194  stable=False  (5.6s)
  BIC sweep: {2: 5753.578980207834, 3: 5893.49139002911, 4: 4938.0806430009925, 5: 4684.692684595966, 6: 5185.843013671085, 7: 5465.823035921412, 8: 6415.744548303141, 10: 8831.674729303584, 12: 10991.491682447391}
  attached regime posteriors: ['regime_post_0', 'regime_post_1', 'regime_post_2', 'regime_post_3', 'regime_post_4']
[Phase 4] HP search on training data (cross_validate_ranker)...
  best params = {'max_depth': 4, 'n_estimators': 200, 'learning_rate': 0.03}
  mean CV soft-xent = 1.01060  per-fold = ['0.9109', '1.1299', '0.9762', '1.1230', '0.9130']
  HP-search wall: 231.8s  (combos: 18)
[Phase 4] skip-cv-cal flag set; not running 5-fold calibration report.
[Phase 4] final calibration split: 256 train rows (8 shifts) / 64 calibration rows (2 shifts)
[Phase 4] refit ranker on inner-train with best HPs...
  refit wall: 3.2s
[Phase 4] fitting isotonic calibrator on the 20% shift split...
[calibration] 2 of 6 rules never win in the calibration split (indices [3, 5]); their probabilities are passed through uncalibrated.
  calibration wall: 0.0s
[Phase 4] evaluating calibration on test.parquet...
  ECE  pre=0.1367   post=0.0511
  Brier pre=0.2037  post=0.1792
  soft-xent  pre=0.88440  post=3.80152
  test rows: 1525

Saved artifacts under runs\data_efficiency\ours_n10_rep4/
  calibrator.joblib
  label_meta.json
  model.json
  phase4_metrics.json
  phase4_regime.json
  ranker_meta.joblib
  regime.joblib
  train_subset.parquet
[Phase 4] run_id=data_efficiency/ours_n25_rep0  smoke=False  seed=1337
[Phase 4] data: C:\CAOR\runs\data_efficiency\ours_n25_rep0\train_subset.parquet / C:\CAOR\data\test.parquet
[Phase 4] train: 800 rows; test: 1525 rows
[Phase 4] derived labels: shift subset: budget=25 rep=0
[Phase 4] labels: tau=4 M=20 beta=0.4698 policy=random
[Phase 4] pool (from labels, K=6) = ['EEDD', 'COVERT', 'MS', 'ATC', 'MDD', 'EDD']
[Phase 4] fitting regime layer (GMM, K-sweep + ARI stability)...
  K* = 8  BIC = -3602.1  mean ARI = 0.9218  stable=True  (10.9s)
  BIC sweep: {2: 7844.337028658746, 3: 3171.3288634885675, 4: -2000.3230615757002, 5: -749.5099374927759, 6: -172.85397424984876, 7: -559.5589092038899, 8: -3575.98709066039, 10: -2124.42478760819, 12: -275.39309275298}
  attached regime posteriors: ['regime_post_0', 'regime_post_1', 'regime_post_2', 'regime_post_3', 'regime_post_4', 'regime_post_5', 'regime_post_6', 'regime_post_7']
[Phase 4] HP search on training data (cross_validate_ranker)...
  best params = {'max_depth': 4, 'n_estimators': 200, 'learning_rate': 0.03}
  mean CV soft-xent = 0.89066  per-fold = ['0.8145', '0.8873', '1.0045', '0.9226', '0.8244']
  HP-search wall: 391.9s  (combos: 18)
[Phase 4] skip-cv-cal flag set; not running 5-fold calibration report.
[Phase 4] final calibration split: 640 train rows (20 shifts) / 160 calibration rows (5 shifts)
[Phase 4] refit ranker on inner-train with best HPs...
  refit wall: 4.7s
[Phase 4] fitting isotonic calibrator on the 20% shift split...
[calibration] 1 of 6 rules never win in the calibration split (indices [5]); their probabilities are passed through uncalibrated.
  calibration wall: 0.0s
[Phase 4] evaluating calibration on test.parquet...
  ECE  pre=0.1632   post=0.0666
  Brier pre=0.1889  post=0.2782
  soft-xent  pre=0.86766  post=3.35217
  test rows: 1525

Saved artifacts under runs\data_efficiency\ours_n25_rep0/
  calibrator.joblib
  label_meta.json
  model.json
  phase4_metrics.json
  phase4_regime.json
  ranker_meta.joblib
  regime.joblib
  train_subset.parquet
[Phase 4] run_id=data_efficiency/ours_n25_rep1  smoke=False  seed=1337
[Phase 4] data: C:\CAOR\runs\data_efficiency\ours_n25_rep1\train_subset.parquet / C:\CAOR\data\test.parquet
[Phase 4] train: 800 rows; test: 1525 rows
[Phase 4] derived labels: shift subset: budget=25 rep=1
[Phase 4] labels: tau=4 M=20 beta=0.4698 policy=random
[Phase 4] pool (from labels, K=6) = ['EEDD', 'COVERT', 'MS', 'ATC', 'MDD', 'EDD']
[Phase 4] fitting regime layer (GMM, K-sweep + ARI stability)...
  K* = 6  BIC = -459.3  mean ARI = 0.9262  stable=True  (8.4s)
  BIC sweep: {2: 10092.567667547228, 3: 2484.1275548064077, 4: 3639.4146307515457, 5: 4540.803661964779, 6: -49.13643597056034, 7: 1071.2928281195527, 8: 1831.0534455569868, 10: 3692.0201016069077, 12: 3277.6791578115517}
  attached regime posteriors: ['regime_post_0', 'regime_post_1', 'regime_post_2', 'regime_post_3', 'regime_post_4', 'regime_post_5']
[Phase 4] HP search on training data (cross_validate_ranker)...
  best params = {'max_depth': 4, 'n_estimators': 200, 'learning_rate': 0.03}
  mean CV soft-xent = 0.87449  per-fold = ['0.8978', '0.8248', '0.9203', '0.9382', '0.7912']
  HP-search wall: 374.3s  (combos: 18)
[Phase 4] skip-cv-cal flag set; not running 5-fold calibration report.
[Phase 4] final calibration split: 640 train rows (20 shifts) / 160 calibration rows (5 shifts)
[Phase 4] refit ranker on inner-train with best HPs...
  refit wall: 4.6s
[Phase 4] fitting isotonic calibrator on the 20% shift split...
[calibration] 3 of 6 rules never win in the calibration split (indices [2, 4, 5]); their probabilities are passed through uncalibrated.
  calibration wall: 0.0s
[Phase 4] evaluating calibration on test.parquet...
  ECE  pre=0.1611   post=0.0697
  Brier pre=0.1839  post=0.1466
  soft-xent  pre=0.85611  post=1.85145
  test rows: 1525

Saved artifacts under runs\data_efficiency\ours_n25_rep1/
  calibrator.joblib
  label_meta.json
  model.json
  phase4_metrics.json
  phase4_regime.json
  ranker_meta.joblib
  regime.joblib
  train_subset.parquet
[Phase 4] run_id=data_efficiency/ours_n25_rep2  smoke=False  seed=1337
[Phase 4] data: C:\CAOR\runs\data_efficiency\ours_n25_rep2\train_subset.parquet / C:\CAOR\data\test.parquet
[Phase 4] train: 800 rows; test: 1525 rows
[Phase 4] derived labels: shift subset: budget=25 rep=2
[Phase 4] labels: tau=4 M=20 beta=0.4698 policy=random
[Phase 4] pool (from labels, K=6) = ['EEDD', 'COVERT', 'MS', 'ATC', 'MDD', 'EDD']
[Phase 4] fitting regime layer (GMM, K-sweep + ARI stability)...
  K* = 6  BIC = -8415.0  mean ARI = 0.9877  stable=True  (9.0s)
  BIC sweep: {2: 5685.656442548986, 3: 2061.517235803238, 4: -2484.9328401177063, 5: -2521.226027069395, 6: -8415.008997644845, 7: -7594.376892185272, 8: -7159.962698377625, 10: -5552.319835818351, 12: -2101.179016926628}
  attached regime posteriors: ['regime_post_0', 'regime_post_1', 'regime_post_2', 'regime_post_3', 'regime_post_4', 'regime_post_5']
[Phase 4] HP search on training data (cross_validate_ranker)...
  best params = {'max_depth': 4, 'n_estimators': 200, 'learning_rate': 0.03}
  mean CV soft-xent = 0.88376  per-fold = ['0.8367', '0.9418', '0.7912', '0.9350', '0.9142']
  HP-search wall: 401.1s  (combos: 18)
[Phase 4] skip-cv-cal flag set; not running 5-fold calibration report.
[Phase 4] final calibration split: 640 train rows (20 shifts) / 160 calibration rows (5 shifts)
[Phase 4] refit ranker on inner-train with best HPs...
  refit wall: 4.9s
[Phase 4] fitting isotonic calibrator on the 20% shift split...
[calibration] 2 of 6 rules never win in the calibration split (indices [3, 5]); their probabilities are passed through uncalibrated.
  calibration wall: 0.0s
[Phase 4] evaluating calibration on test.parquet...
  ECE  pre=0.1445   post=0.0626
  Brier pre=0.1868  post=0.1572
  soft-xent  pre=0.87090  post=2.51247
  test rows: 1525

Saved artifacts under runs\data_efficiency\ours_n25_rep2/
  calibrator.joblib
  label_meta.json
  model.json
  phase4_metrics.json
  phase4_regime.json
  ranker_meta.joblib
  regime.joblib
  train_subset.parquet
[Phase 4] run_id=data_efficiency/ours_n25_rep3  smoke=False  seed=1337
[Phase 4] data: C:\CAOR\runs\data_efficiency\ours_n25_rep3\train_subset.parquet / C:\CAOR\data\test.parquet
[Phase 4] train: 800 rows; test: 1525 rows
[Phase 4] derived labels: shift subset: budget=25 rep=3
[Phase 4] labels: tau=4 M=20 beta=0.4698 policy=random
[Phase 4] pool (from labels, K=6) = ['EEDD', 'COVERT', 'MS', 'ATC', 'MDD', 'EDD']
[Phase 4] fitting regime layer (GMM, K-sweep + ARI stability)...
  K* = 8  BIC = -2478.4  mean ARI = 0.9702  stable=True  (11.1s)
  BIC sweep: {2: 6471.304564352862, 3: 1693.7324950687316, 4: 2500.179197353097, 5: -2302.9768706124123, 6: -792.2743475572042, 7: 461.9002178838782, 8: -2446.7878993080813, 10: -26.32486730920573, 12: 3053.520851743069}
  attached regime posteriors: ['regime_post_0', 'regime_post_1', 'regime_post_2', 'regime_post_3', 'regime_post_4', 'regime_post_5', 'regime_post_6', 'regime_post_7']
[Phase 4] HP search on training data (cross_validate_ranker)...
  best params = {'max_depth': 4, 'n_estimators': 200, 'learning_rate': 0.03}
  mean CV soft-xent = 0.94378  per-fold = ['1.0354', '0.9191', '0.9162', '0.9881', '0.8600']
  HP-search wall: 417.1s  (combos: 18)
[Phase 4] skip-cv-cal flag set; not running 5-fold calibration report.
[Phase 4] final calibration split: 640 train rows (20 shifts) / 160 calibration rows (5 shifts)
[Phase 4] refit ranker on inner-train with best HPs...
  refit wall: 5.1s
[Phase 4] fitting isotonic calibrator on the 20% shift split...
  calibration wall: 0.0s
[Phase 4] evaluating calibration on test.parquet...
  ECE  pre=0.1671   post=0.0525
  Brier pre=0.1782  post=0.1640
  soft-xent  pre=0.85168  post=2.25007
  test rows: 1525

Saved artifacts under runs\data_efficiency\ours_n25_rep3/
  calibrator.joblib
  label_meta.json
  model.json
  phase4_metrics.json
  phase4_regime.json
  ranker_meta.joblib
  regime.joblib
  train_subset.parquet
[Phase 4] run_id=data_efficiency/ours_n25_rep4  smoke=False  seed=1337
[Phase 4] data: C:\CAOR\runs\data_efficiency\ours_n25_rep4\train_subset.parquet / C:\CAOR\data\test.parquet
[Phase 4] train: 800 rows; test: 1525 rows
[Phase 4] derived labels: shift subset: budget=25 rep=4
[Phase 4] labels: tau=4 M=20 beta=0.4698 policy=random
[Phase 4] pool (from labels, K=6) = ['EEDD', 'COVERT', 'MS', 'ATC', 'MDD', 'EDD']
[Phase 4] fitting regime layer (GMM, K-sweep + ARI stability)...
  K* = 7  BIC = -8910.4  mean ARI = 0.9710  stable=True  (9.6s)
  BIC sweep: {2: 4547.374764498634, 3: -845.8267207209228, 4: -3058.8122379128836, 5: -2841.083648385229, 6: -6235.893125462209, 7: -8876.205773517304, 8: -8010.129728569387, 10: -5700.50556364459, 12: -1113.6818132264307}
  attached regime posteriors: ['regime_post_0', 'regime_post_1', 'regime_post_2', 'regime_post_3', 'regime_post_4', 'regime_post_5', 'regime_post_6']
[Phase 4] HP search on training data (cross_validate_ranker)...
  best params = {'max_depth': 4, 'n_estimators': 200, 'learning_rate': 0.03}
  mean CV soft-xent = 0.88763  per-fold = ['0.9149', '0.8520', '0.8311', '0.9867', '0.8534']
  HP-search wall: 404.2s  (combos: 18)
[Phase 4] skip-cv-cal flag set; not running 5-fold calibration report.
[Phase 4] final calibration split: 640 train rows (20 shifts) / 160 calibration rows (5 shifts)
[Phase 4] refit ranker on inner-train with best HPs...
  refit wall: 4.9s
[Phase 4] fitting isotonic calibrator on the 20% shift split...
[calibration] 1 of 6 rules never win in the calibration split (indices [3]); their probabilities are passed through uncalibrated.
  calibration wall: 0.0s
[Phase 4] evaluating calibration on test.parquet...
  ECE  pre=0.1567   post=0.0384
  Brier pre=0.1889  post=0.1711
  soft-xent  pre=0.88424  post=3.64492
  test rows: 1525

Saved artifacts under runs\data_efficiency\ours_n25_rep4/
  calibrator.joblib
  label_meta.json
  model.json
  phase4_metrics.json
  phase4_regime.json
  ranker_meta.joblib
  regime.joblib
  train_subset.parquet
[Phase 4] run_id=data_efficiency/ours_n50_rep0  smoke=False  seed=1337
[Phase 4] data: C:\CAOR\runs\data_efficiency\ours_n50_rep0\train_subset.parquet / C:\CAOR\data\test.parquet
[Phase 4] train: 1600 rows; test: 1525 rows
[Phase 4] derived labels: shift subset: budget=50 rep=0
[Phase 4] labels: tau=4 M=20 beta=0.4698 policy=random
[Phase 4] pool (from labels, K=6) = ['EEDD', 'COVERT', 'MS', 'ATC', 'MDD', 'EDD']
[Phase 4] fitting regime layer (GMM, K-sweep + ARI stability)...
  K* = 8  BIC = -12545.0  mean ARI = 0.9949  stable=True  (14.3s)
  BIC sweep: {2: 19461.29636871182, 3: 629.9604942467913, 4: -9596.215994343873, 5: -8205.171490717967, 6: -6754.23537625061, 7: -4868.258407113768, 8: -12544.527302630624, 10: -10141.541509962346, 12: -9171.67613406798}
  attached regime posteriors: ['regime_post_0', 'regime_post_1', 'regime_post_2', 'regime_post_3', 'regime_post_4', 'regime_post_5', 'regime_post_6', 'regime_post_7']
[Phase 4] HP search on training data (cross_validate_ranker)...
  best params = {'max_depth': 4, 'n_estimators': 200, 'learning_rate': 0.03}
  mean CV soft-xent = 0.91541  per-fold = ['0.9854', '0.8782', '0.9549', '0.8426', '0.9160']
  HP-search wall: 589.4s  (combos: 18)
[Phase 4] skip-cv-cal flag set; not running 5-fold calibration report.
[Phase 4] final calibration split: 1280 train rows (40 shifts) / 320 calibration rows (10 shifts)
[Phase 4] refit ranker on inner-train with best HPs...
  refit wall: 6.6s
[Phase 4] fitting isotonic calibrator on the 20% shift split...
[calibration] 1 of 6 rules never win in the calibration split (indices [5]); their probabilities are passed through uncalibrated.
  calibration wall: 0.0s
[Phase 4] evaluating calibration on test.parquet...
  ECE  pre=0.1659   post=0.0515
  Brier pre=0.1802  post=0.1502
  soft-xent  pre=0.84490  post=2.83363
  test rows: 1525

Saved artifacts under runs\data_efficiency\ours_n50_rep0/
  calibrator.joblib
  label_meta.json
  model.json
  phase4_metrics.json
  phase4_regime.json
  ranker_meta.joblib
  regime.joblib
  train_subset.parquet
[Phase 4] run_id=data_efficiency/ours_n50_rep1  smoke=False  seed=1337
[Phase 4] data: C:\CAOR\runs\data_efficiency\ours_n50_rep1\train_subset.parquet / C:\CAOR\data\test.parquet
[Phase 4] train: 1600 rows; test: 1525 rows
[Phase 4] derived labels: shift subset: budget=50 rep=1
[Phase 4] labels: tau=4 M=20 beta=0.4698 policy=random
[Phase 4] pool (from labels, K=6) = ['EEDD', 'COVERT', 'MS', 'ATC', 'MDD', 'EDD']
[Phase 4] fitting regime layer (GMM, K-sweep + ARI stability)...
  K* = 10  BIC = -27321.3  mean ARI = 0.9249  stable=True  (12.9s)
  BIC sweep: {2: 9185.558917165576, 3: -3140.456845823599, 4: -15885.967727137859, 5: -326.3183070672785, 6: -13053.867778391897, 7: -19597.70707386391, 8: -21875.242397557144, 10: -26370.99362729485, 12: -24141.54885086885}
  attached regime posteriors: ['regime_post_0', 'regime_post_1', 'regime_post_2', 'regime_post_3', 'regime_post_4', 'regime_post_5', 'regime_post_6', 'regime_post_7', 'regime_post_8', 'regime_post_9']
[Phase 4] HP search on training data (cross_validate_ranker)...
  best params = {'max_depth': 4, 'n_estimators': 200, 'learning_rate': 0.03}
  mean CV soft-xent = 0.91820  per-fold = ['0.8593', '0.9352', '0.9106', '0.9413', '0.9447']
  HP-search wall: 583.1s  (combos: 18)
[Phase 4] skip-cv-cal flag set; not running 5-fold calibration report.
[Phase 4] final calibration split: 1280 train rows (40 shifts) / 320 calibration rows (10 shifts)
[Phase 4] refit ranker on inner-train with best HPs...
  refit wall: 6.6s
[Phase 4] fitting isotonic calibrator on the 20% shift split...
  calibration wall: 0.0s
[Phase 4] evaluating calibration on test.parquet...
  ECE  pre=0.1670   post=0.0222
  Brier pre=0.1812  post=0.1350
  soft-xent  pre=0.85023  post=2.09732
  test rows: 1525

Saved artifacts under runs\data_efficiency\ours_n50_rep1/
  calibrator.joblib
  label_meta.json
  model.json
  phase4_metrics.json
  phase4_regime.json
  ranker_meta.joblib
  regime.joblib
  train_subset.parquet
[Phase 4] run_id=data_efficiency/ours_n50_rep2  smoke=False  seed=1337
[Phase 4] data: C:\CAOR\runs\data_efficiency\ours_n50_rep2\train_subset.parquet / C:\CAOR\data\test.parquet
[Phase 4] train: 1600 rows; test: 1525 rows
[Phase 4] derived labels: shift subset: budget=50 rep=2
[Phase 4] labels: tau=4 M=20 beta=0.4698 policy=random
[Phase 4] pool (from labels, K=6) = ['EEDD', 'COVERT', 'MS', 'ATC', 'MDD', 'EDD']
[Phase 4] fitting regime layer (GMM, K-sweep + ARI stability)...
  K* = 4  BIC = -12949.9  mean ARI = 0.9552  stable=True  (9.0s)
  BIC sweep: {2: 14022.728187619014, 3: -1515.4974305464766, 4: -12949.864156607617, 5: -8368.022849322635, 6: -11155.326352284199, 7: -9236.811765223021, 8: -12365.193872951138, 10: -12269.675637294637, 12: -12645.654092939592}
  attached regime posteriors: ['regime_post_0', 'regime_post_1', 'regime_post_2', 'regime_post_3']
[Phase 4] HP search on training data (cross_validate_ranker)...
  best params = {'max_depth': 4, 'n_estimators': 200, 'learning_rate': 0.03}
  mean CV soft-xent = 0.89935  per-fold = ['0.9341', '0.9702', '0.8665', '0.8473', '0.8786']
  HP-search wall: 507.0s  (combos: 18)
[Phase 4] skip-cv-cal flag set; not running 5-fold calibration report.
[Phase 4] final calibration split: 1280 train rows (40 shifts) / 320 calibration rows (10 shifts)
[Phase 4] refit ranker on inner-train with best HPs...
  refit wall: 6.2s
[Phase 4] fitting isotonic calibrator on the 20% shift split...
  calibration wall: 0.0s
[Phase 4] evaluating calibration on test.parquet...
  ECE  pre=0.1772   post=0.0247
  Brier pre=0.1857  post=0.1372
  soft-xent  pre=0.84176  post=2.54330
  test rows: 1525

Saved artifacts under runs\data_efficiency\ours_n50_rep2/
  calibrator.joblib
  label_meta.json
  model.json
  phase4_metrics.json
  phase4_regime.json
  ranker_meta.joblib
  regime.joblib
  train_subset.parquet
[Phase 4] run_id=data_efficiency/ours_n50_rep3  smoke=False  seed=1337
[Phase 4] data: C:\CAOR\runs\data_efficiency\ours_n50_rep3\train_subset.parquet / C:\CAOR\data\test.parquet
[Phase 4] train: 1600 rows; test: 1525 rows
[Phase 4] derived labels: shift subset: budget=50 rep=3
[Phase 4] labels: tau=4 M=20 beta=0.4698 policy=random
[Phase 4] pool (from labels, K=6) = ['EEDD', 'COVERT', 'MS', 'ATC', 'MDD', 'EDD']
[Phase 4] fitting regime layer (GMM, K-sweep + ARI stability)...
  K* = 8  BIC = -31741.4  mean ARI = 0.9694  stable=True  (12.5s)
  BIC sweep: {2: 5584.307383844082, 3: -6710.189192202795, 4: -17981.17779169727, 5: -16494.678464730754, 6: -24787.380763940288, 7: -23072.74579354276, 8: -28798.676592979245, 10: -28179.659580011485, 12: -26182.936850593098}
  attached regime posteriors: ['regime_post_0', 'regime_post_1', 'regime_post_2', 'regime_post_3', 'regime_post_4', 'regime_post_5', 'regime_post_6', 'regime_post_7']
[Phase 4] HP search on training data (cross_validate_ranker)...
  best params = {'max_depth': 4, 'n_estimators': 200, 'learning_rate': 0.03}
  mean CV soft-xent = 0.88238  per-fold = ['0.8598', '0.9589', '0.8537', '0.9077', '0.8318']
  HP-search wall: 554.9s  (combos: 18)
[Phase 4] skip-cv-cal flag set; not running 5-fold calibration report.
[Phase 4] final calibration split: 1280 train rows (40 shifts) / 320 calibration rows (10 shifts)
[Phase 4] refit ranker on inner-train with best HPs...
  refit wall: 6.4s
[Phase 4] fitting isotonic calibrator on the 20% shift split...
[calibration] 1 of 6 rules never win in the calibration split (indices [5]); their probabilities are passed through uncalibrated.
  calibration wall: 0.0s
[Phase 4] evaluating calibration on test.parquet...
  ECE  pre=0.1681   post=0.0694
  Brier pre=0.1867  post=0.1481
  soft-xent  pre=0.84908  post=1.75457
  test rows: 1525

Saved artifacts under runs\data_efficiency\ours_n50_rep3/
  calibrator.joblib
  label_meta.json
  model.json
  phase4_metrics.json
  phase4_regime.json
  ranker_meta.joblib
  regime.joblib
  train_subset.parquet
[Phase 4] run_id=data_efficiency/ours_n50_rep4  smoke=False  seed=1337
[Phase 4] data: C:\CAOR\runs\data_efficiency\ours_n50_rep4\train_subset.parquet / C:\CAOR\data\test.parquet
[Phase 4] train: 1600 rows; test: 1525 rows
[Phase 4] derived labels: shift subset: budget=50 rep=4
[Phase 4] labels: tau=4 M=20 beta=0.4698 policy=random
[Phase 4] pool (from labels, K=6) = ['EEDD', 'COVERT', 'MS', 'ATC', 'MDD', 'EDD']
[Phase 4] fitting regime layer (GMM, K-sweep + ARI stability)...
  K* = 8  BIC = -30325.9  mean ARI = 0.8849  stable=True  (11.6s)
  BIC sweep: {2: 9154.38352632735, 3: -2698.120550497766, 4: -14706.255984444544, 5: -13410.217133135953, 6: -21351.456598063072, 7: -20019.358412075817, 8: -27026.81210458791, 10: -25108.752826652217, 12: -23430.6767197035}
  attached regime posteriors: ['regime_post_0', 'regime_post_1', 'regime_post_2', 'regime_post_3', 'regime_post_4', 'regime_post_5', 'regime_post_6', 'regime_post_7']
[Phase 4] HP search on training data (cross_validate_ranker)...
  best params = {'max_depth': 4, 'n_estimators': 200, 'learning_rate': 0.03}
  mean CV soft-xent = 0.88870  per-fold = ['0.8808', '0.9139', '0.8149', '0.9682', '0.8657']
  HP-search wall: 554.6s  (combos: 18)
[Phase 4] skip-cv-cal flag set; not running 5-fold calibration report.
[Phase 4] final calibration split: 1280 train rows (40 shifts) / 320 calibration rows (10 shifts)
[Phase 4] refit ranker on inner-train with best HPs...
  refit wall: 6.6s
[Phase 4] fitting isotonic calibrator on the 20% shift split...
  calibration wall: 0.0s
[Phase 4] evaluating calibration on test.parquet...
  ECE  pre=0.1639   post=0.0379
  Brier pre=0.1695  post=0.1541
  soft-xent  pre=0.84364  post=2.62660
  test rows: 1525

Saved artifacts under runs\data_efficiency\ours_n50_rep4/
  calibrator.joblib
  label_meta.json
  model.json
  phase4_metrics.json
  phase4_regime.json
  ranker_meta.joblib
  regime.joblib
  train_subset.parquet
[Phase 4] run_id=data_efficiency/ours_n100_rep0  smoke=False  seed=1337
[Phase 4] data: C:\CAOR\runs\data_efficiency\ours_n100_rep0\train_subset.parquet / C:\CAOR\data\test.parquet
[Phase 4] train: 3200 rows; test: 1525 rows
[Phase 4] derived labels: shift subset: budget=100 rep=0
[Phase 4] labels: tau=4 M=20 beta=0.4698 policy=random
[Phase 4] pool (from labels, K=6) = ['EEDD', 'COVERT', 'MS', 'ATC', 'MDD', 'EDD']
[Phase 4] fitting regime layer (GMM, K-sweep + ARI stability)...
  K* = 10  BIC = -73316.5  mean ARI = 0.8152  stable=False  (20.9s)
  BIC sweep: {2: 14071.280829412743, 3: -12265.466428094305, 4: -38507.57207525062, 5: -36934.612128897956, 6: -53393.429721505476, 7: -53556.089059263744, 8: -71087.07806921692, 10: -72387.77537437722, 12: -67987.22315375035}
  attached regime posteriors: ['regime_post_0', 'regime_post_1', 'regime_post_2', 'regime_post_3', 'regime_post_4', 'regime_post_5', 'regime_post_6', 'regime_post_7', 'regime_post_8', 'regime_post_9']
[Phase 4] HP search on training data (cross_validate_ranker)...
  best params = {'max_depth': 4, 'n_estimators': 200, 'learning_rate': 0.03}
  mean CV soft-xent = 0.88986  per-fold = ['0.9211', '0.8814', '0.8498', '0.8461', '0.9508']
  HP-search wall: 829.8s  (combos: 18)
[Phase 4] skip-cv-cal flag set; not running 5-fold calibration report.
[Phase 4] final calibration split: 2560 train rows (80 shifts) / 640 calibration rows (20 shifts)
[Phase 4] refit ranker on inner-train with best HPs...
  refit wall: 9.3s
[Phase 4] fitting isotonic calibrator on the 20% shift split...
[calibration] 1 of 6 rules never win in the calibration split (indices [5]); their probabilities are passed through uncalibrated.
  calibration wall: 0.0s
[Phase 4] evaluating calibration on test.parquet...
  ECE  pre=0.1725   post=0.0420
  Brier pre=0.1771  post=0.1331
  soft-xent  pre=0.84038  post=1.69184
  test rows: 1525

Saved artifacts under runs\data_efficiency\ours_n100_rep0/
  calibrator.joblib
  label_meta.json
  model.json
  phase4_metrics.json
  phase4_regime.json
  ranker_meta.joblib
  regime.joblib
  train_subset.parquet
[Phase 4] run_id=data_efficiency/ours_n100_rep1  smoke=False  seed=1337
[Phase 4] data: C:\CAOR\runs\data_efficiency\ours_n100_rep1\train_subset.parquet / C:\CAOR\data\test.parquet
[Phase 4] train: 3200 rows; test: 1525 rows
[Phase 4] derived labels: shift subset: budget=100 rep=1
[Phase 4] labels: tau=4 M=20 beta=0.4698 policy=random
[Phase 4] pool (from labels, K=6) = ['EEDD', 'COVERT', 'MS', 'ATC', 'MDD', 'EDD']
[Phase 4] fitting regime layer (GMM, K-sweep + ARI stability)...
[regime] WARNING: BIC-optimal K=12 sits at the EDGE of k_grid=[2, 3, 4, 5, 6, 7, 8, 10, 12]. K is being chosen by the grid boundary, not by the data. Widen cfg.regime.k_grid and re-run before reporting K*.
  K* = 12  BIC = -75716.7  mean ARI = 0.7436  stable=False  (21.5s)
  BIC sweep: {2: 15674.762595356882, 3: -12573.427072369004, 4: -38915.6797034327, 5: -59691.02804789765, 6: -54088.273582945614, 7: -52059.97637644921, 8: -75817.17648571881, 10: -69092.93094027122, 12: -76341.55951335955}
  attached regime posteriors: ['regime_post_0', 'regime_post_1', 'regime_post_2', 'regime_post_3', 'regime_post_4', 'regime_post_5', 'regime_post_6', 'regime_post_7', 'regime_post_8', 'regime_post_9', 'regime_post_10', 'regime_post_11']
[Phase 4] HP search on training data (cross_validate_ranker)...
  best params = {'max_depth': 4, 'n_estimators': 200, 'learning_rate': 0.03}
  mean CV soft-xent = 0.86139  per-fold = ['0.8752', '0.8309', '0.8665', '0.8680', '0.8663']
  HP-search wall: 856.3s  (combos: 18)
[Phase 4] skip-cv-cal flag set; not running 5-fold calibration report.
[Phase 4] final calibration split: 2560 train rows (80 shifts) / 640 calibration rows (20 shifts)
[Phase 4] refit ranker on inner-train with best HPs...
  refit wall: 9.5s
[Phase 4] fitting isotonic calibrator on the 20% shift split...
[calibration] 1 of 6 rules never win in the calibration split (indices [5]); their probabilities are passed through uncalibrated.
  calibration wall: 0.0s
[Phase 4] evaluating calibration on test.parquet...
  ECE  pre=0.1738   post=0.0382
  Brier pre=0.1731  post=0.1280
  soft-xent  pre=0.83556  post=1.90282
  test rows: 1525

Saved artifacts under runs\data_efficiency\ours_n100_rep1/
  calibrator.joblib
  label_meta.json
  model.json
  phase4_metrics.json
  phase4_regime.json
  ranker_meta.joblib
  regime.joblib
  train_subset.parquet
[Phase 4] run_id=data_efficiency/ours_n100_rep2  smoke=False  seed=1337
[Phase 4] data: C:\CAOR\runs\data_efficiency\ours_n100_rep2\train_subset.parquet / C:\CAOR\data\test.parquet
[Phase 4] train: 3200 rows; test: 1525 rows
[Phase 4] derived labels: shift subset: budget=100 rep=2
[Phase 4] labels: tau=4 M=20 beta=0.4698 policy=random
[Phase 4] pool (from labels, K=6) = ['EEDD', 'COVERT', 'MS', 'ATC', 'MDD', 'EDD']
[Phase 4] fitting regime layer (GMM, K-sweep + ARI stability)...
[regime] WARNING: BIC-optimal K=12 sits at the EDGE of k_grid=[2, 3, 4, 5, 6, 7, 8, 10, 12]. K is being chosen by the grid boundary, not by the data. Widen cfg.regime.k_grid and re-run before reporting K*.
  K* = 12  BIC = -80496.5  mean ARI = 0.7495  stable=False  (23.1s)
  BIC sweep: {2: 12197.019179427534, 3: -16561.05094512678, 4: -37421.04522575617, 5: -37597.32242232842, 6: -55228.78068053748, 7: -53725.38878757141, 8: -58297.00911125549, 10: -70710.05631292569, 12: -80608.82967913272}
  attached regime posteriors: ['regime_post_0', 'regime_post_1', 'regime_post_2', 'regime_post_3', 'regime_post_4', 'regime_post_5', 'regime_post_6', 'regime_post_7', 'regime_post_8', 'regime_post_9', 'regime_post_10', 'regime_post_11']
[Phase 4] HP search on training data (cross_validate_ranker)...
  best params = {'max_depth': 4, 'n_estimators': 200, 'learning_rate': 0.03}
  mean CV soft-xent = 0.86602  per-fold = ['0.8080', '0.8451', '0.8633', '0.8786', '0.9351']
  HP-search wall: 1047.7s  (combos: 18)
[Phase 4] skip-cv-cal flag set; not running 5-fold calibration report.
[Phase 4] final calibration split: 2560 train rows (80 shifts) / 640 calibration rows (20 shifts)
[Phase 4] refit ranker on inner-train with best HPs...
  refit wall: 15.1s
[Phase 4] fitting isotonic calibrator on the 20% shift split...
[calibration] 1 of 6 rules never win in the calibration split (indices [5]); their probabilities are passed through uncalibrated.
  calibration wall: 0.0s
[Phase 4] evaluating calibration on test.parquet...
  ECE  pre=0.1638   post=0.0583
  Brier pre=0.1737  post=0.1345
  soft-xent  pre=0.83698  post=1.65911
  test rows: 1525

Saved artifacts under runs\data_efficiency\ours_n100_rep2/
  calibrator.joblib
  label_meta.json
  model.json
  phase4_metrics.json
  phase4_regime.json
  ranker_meta.joblib
  regime.joblib
  train_subset.parquet
[Phase 4] run_id=data_efficiency/ours_n100_rep3  smoke=False  seed=1337
[Phase 4] data: C:\CAOR\runs\data_efficiency\ours_n100_rep3\train_subset.parquet / C:\CAOR\data\test.parquet
[Phase 4] train: 3200 rows; test: 1525 rows
[Phase 4] derived labels: shift subset: budget=100 rep=3
[Phase 4] labels: tau=4 M=20 beta=0.4698 policy=random
[Phase 4] pool (from labels, K=6) = ['EEDD', 'COVERT', 'MS', 'ATC', 'MDD', 'EDD']
[Phase 4] fitting regime layer (GMM, K-sweep + ARI stability)...
[regime] WARNING: BIC-optimal K=12 sits at the EDGE of k_grid=[2, 3, 4, 5, 6, 7, 8, 10, 12]. K is being chosen by the grid boundary, not by the data. Widen cfg.regime.k_grid and re-run before reporting K*.
  K* = 12  BIC = -83078.1  mean ARI = 0.8280  stable=False  (36.6s)
  BIC sweep: {2: 18555.232224079085, 3: -11133.31770610544, 4: -31383.31462243511, 5: -29021.917688828857, 6: -49166.79918163774, 7: -47498.26098774125, 8: -49614.90504781357, 10: -72886.1193934018, 12: -79732.35748028201}
  attached regime posteriors: ['regime_post_0', 'regime_post_1', 'regime_post_2', 'regime_post_3', 'regime_post_4', 'regime_post_5', 'regime_post_6', 'regime_post_7', 'regime_post_8', 'regime_post_9', 'regime_post_10', 'regime_post_11']
[Phase 4] HP search on training data (cross_validate_ranker)...
  best params = {'max_depth': 4, 'n_estimators': 200, 'learning_rate': 0.03}
  mean CV soft-xent = 0.89849  per-fold = ['0.8436', '0.8932', '0.8747', '0.9320', '0.9489']
  HP-search wall: 1376.2s  (combos: 18)
[Phase 4] skip-cv-cal flag set; not running 5-fold calibration report.
[Phase 4] final calibration split: 2560 train rows (80 shifts) / 640 calibration rows (20 shifts)
[Phase 4] refit ranker on inner-train with best HPs...
  refit wall: 15.3s
[Phase 4] fitting isotonic calibrator on the 20% shift split...
[calibration] 1 of 6 rules never win in the calibration split (indices [5]); their probabilities are passed through uncalibrated.
  calibration wall: 0.0s
[Phase 4] evaluating calibration on test.parquet...
  ECE  pre=0.1699   post=0.0385
  Brier pre=0.1752  post=0.1389
  soft-xent  pre=0.83381  post=2.30098
  test rows: 1525

Saved artifacts under runs\data_efficiency\ours_n100_rep3/
  calibrator.joblib
  label_meta.json
  model.json
  phase4_metrics.json
  phase4_regime.json
  ranker_meta.joblib
  regime.joblib
  train_subset.parquet
[Phase 4] run_id=data_efficiency/ours_n100_rep4  smoke=False  seed=1337
[Phase 4] data: C:\CAOR\runs\data_efficiency\ours_n100_rep4\train_subset.parquet / C:\CAOR\data\test.parquet
[Phase 4] train: 3200 rows; test: 1525 rows
[Phase 4] derived labels: shift subset: budget=100 rep=4
[Phase 4] labels: tau=4 M=20 beta=0.4698 policy=random
[Phase 4] pool (from labels, K=6) = ['EEDD', 'COVERT', 'MS', 'ATC', 'MDD', 'EDD']
[Phase 4] fitting regime layer (GMM, K-sweep + ARI stability)...
[regime] WARNING: BIC-optimal K=12 sits at the EDGE of k_grid=[2, 3, 4, 5, 6, 7, 8, 10, 12]. K is being chosen by the grid boundary, not by the data. Widen cfg.regime.k_grid and re-run before reporting K*.
  K* = 12  BIC = -75000.9  mean ARI = 0.7161  stable=False  (35.9s)
  BIC sweep: {2: 23330.57667061758, 3: -9163.130206847827, 4: -31627.697720885782, 5: -31512.512635948195, 6: -30634.934757798597, 7: -47185.60261854726, 8: -45844.05473077014, 10: -64794.49215277574, 12: -70672.15281283607}
  attached regime posteriors: ['regime_post_0', 'regime_post_1', 'regime_post_2', 'regime_post_3', 'regime_post_4', 'regime_post_5', 'regime_post_6', 'regime_post_7', 'regime_post_8', 'regime_post_9', 'regime_post_10', 'regime_post_11']
[Phase 4] HP search on training data (cross_validate_ranker)...
  best params = {'max_depth': 4, 'n_estimators': 200, 'learning_rate': 0.03}
  mean CV soft-xent = 0.88619  per-fold = ['0.8538', '0.9126', '0.9494', '0.8916', '0.8236']
  HP-search wall: 1351.2s  (combos: 18)
[Phase 4] skip-cv-cal flag set; not running 5-fold calibration report.
[Phase 4] final calibration split: 2560 train rows (80 shifts) / 640 calibration rows (20 shifts)
[Phase 4] refit ranker on inner-train with best HPs...
  refit wall: 15.1s
[Phase 4] fitting isotonic calibrator on the 20% shift split...
[calibration] 1 of 6 rules never win in the calibration split (indices [5]); their probabilities are passed through uncalibrated.
  calibration wall: 0.0s
[Phase 4] evaluating calibration on test.parquet...
  ECE  pre=0.1747   post=0.0465
  Brier pre=0.1793  post=0.1333
  soft-xent  pre=0.84134  post=1.93461
  test rows: 1525

Saved artifacts under runs\data_efficiency\ours_n100_rep4/
  calibrator.joblib
  label_meta.json
  model.json
  phase4_metrics.json
  phase4_regime.json
  ranker_meta.joblib
  regime.joblib
  train_subset.parquet
[E2 data_efficiency] budgets = [10, 25, 50, 100]  reps = 5
[E2 data_efficiency] budget=10 rep=0 shifts=10 -> runs\data_efficiency\ours_n10_rep0
[E2 data_efficiency] budget=10 rep=1 shifts=10 -> runs\data_efficiency\ours_n10_rep1
[E2 data_efficiency] budget=10 rep=2 shifts=10 -> runs\data_efficiency\ours_n10_rep2
[E2 data_efficiency] budget=10 rep=3 shifts=10 -> runs\data_efficiency\ours_n10_rep3
[E2 data_efficiency] budget=10 rep=4 shifts=10 -> runs\data_efficiency\ours_n10_rep4
[E2 data_efficiency] budget=25 rep=0 shifts=25 -> runs\data_efficiency\ours_n25_rep0
[E2 data_efficiency] budget=25 rep=1 shifts=25 -> runs\data_efficiency\ours_n25_rep1
[E2 data_efficiency] budget=25 rep=2 shifts=25 -> runs\data_efficiency\ours_n25_rep2
[E2 data_efficiency] budget=25 rep=3 shifts=25 -> runs\data_efficiency\ours_n25_rep3
[E2 data_efficiency] budget=25 rep=4 shifts=25 -> runs\data_efficiency\ours_n25_rep4
[E2 data_efficiency] budget=50 rep=0 shifts=50 -> runs\data_efficiency\ours_n50_rep0
[E2 data_efficiency] budget=50 rep=1 shifts=50 -> runs\data_efficiency\ours_n50_rep1
[E2 data_efficiency] budget=50 rep=2 shifts=50 -> runs\data_efficiency\ours_n50_rep2
[E2 data_efficiency] budget=50 rep=3 shifts=50 -> runs\data_efficiency\ours_n50_rep3
[E2 data_efficiency] budget=50 rep=4 shifts=50 -> runs\data_efficiency\ours_n50_rep4
[E2 data_efficiency] budget=100 rep=0 shifts=100 -> runs\data_efficiency\ours_n100_rep0
[E2 data_efficiency] budget=100 rep=1 shifts=100 -> runs\data_efficiency\ours_n100_rep1
[E2 data_efficiency] budget=100 rep=2 shifts=100 -> runs\data_efficiency\ours_n100_rep2
[E2 data_efficiency] budget=100 rep=3 shifts=100 -> runs\data_efficiency\ours_n100_rep3
[E2 data_efficiency] budget=100 rep=4 shifts=100 -> runs\data_efficiency\ours_n100_rep4

[E2 data_efficiency] summary -> results\data_efficiency\data_efficiency_summary.json
########## rc=0  18:23:15

########## .venv/Scripts/python.exe -m experiments.e9_offline_fqi data_efficiency ##########  18:23:15
  budget= 10 rep=0  sla_breach=0.0744 composite_cost=413.542 (14s)
  budget= 10 rep=1  sla_breach=0.0831 composite_cost=448.875 (18s)
  budget= 10 rep=2  sla_breach=0.0840 composite_cost=496.882 (18s)
  budget= 10 rep=3  sla_breach=0.1015 composite_cost=687.724 (18s)
  budget= 10 rep=4  sla_breach=0.0984 composite_cost=584.157 (18s)
  budget= 25 rep=0  sla_breach=0.0961 composite_cost=664.376 (19s)
  budget= 25 rep=1  sla_breach=0.0748 composite_cost=439.920 (19s)
  budget= 25 rep=2  sla_breach=0.0741 composite_cost=433.187 (19s)
  budget= 25 rep=3  sla_breach=0.0840 composite_cost=479.567 (19s)
  budget= 25 rep=4  sla_breach=0.0987 composite_cost=535.437 (19s)
  budget= 50 rep=0  sla_breach=0.0859 composite_cost=485.032 (19s)
  budget= 50 rep=1  sla_breach=0.1068 composite_cost=586.121 (19s)
  budget= 50 rep=2  sla_breach=0.0848 composite_cost=461.684 (19s)
  budget= 50 rep=3  sla_breach=0.0836 composite_cost=453.086 (19s)
  budget= 50 rep=4  sla_breach=0.0756 composite_cost=426.668 (19s)
  budget=100 rep=0  sla_breach=0.0738 composite_cost=400.216 (19s)
  budget=100 rep=1  sla_breach=0.0749 composite_cost=409.483 (19s)
  budget=100 rep=2  sla_breach=0.0776 composite_cost=425.239 (19s)
  budget=100 rep=3  sla_breach=0.0841 composite_cost=457.828 (19s)
  budget=100 rep=4  sla_breach=0.0746 composite_cost=415.189 (19s)

[e9 data_efficiency] offline_fqi by budget -> data_efficiency_offline_fqi.parquet:
 budget  service_failure_mean  service_failure_std  composite_cost_mean  composite_cost_std
     10              0.088297             0.011333           526.235969          110.656833
     25              0.085540             0.011573           510.497384           95.151736
     50              0.087351             0.011608           482.518122           61.561753
    100              0.076993             0.004236           421.590955           22.197378
########## rc=0  18:29:28

########## .venv/Scripts/python.exe -m experiments.e9_offline_fqi summary ##########  18:29:28
[e9 summary] main comparison (means over 50 test shifts):
  ours           sla_breach=0.0701  composite_cost=381.2460  mean_tardiness=0.8221
  offline_fqi    sla_breach=0.0731  composite_cost=389.9355  mean_tardiness=0.8641
  greedy_mpc     sla_breach=0.0624  composite_cost=356.1368  mean_tardiness=0.7770

[e9 summary] paired DAHS - offline_fqi (negative => DAHS better; 95% bootstrap CI):
  service_failure_rate mean=-0.0030  CI=[-0.0059, -0.0005]  -> DAHS better
  composite_cost     mean=-8.6896  CI=[-19.0364, -0.2457]  -> DAHS better
  mean_tardiness     mean=-0.0421  CI=[-0.0602, -0.0257]  -> DAHS better
[e9 summary] wrote C:\CAOR\figures\E9\data_efficiency_offline_fqi.png
########## rc=0  18:29:30

########## .venv/Scripts/python.exe -m experiments.fig_data_efficiency ##########  18:29:30
Traceback (most recent call last):
  File "<frozen runpy>", line 198, in _run_module_as_main
  File "<frozen runpy>", line 88, in _run_code
  File "C:\CAOR\experiments\fig_data_efficiency.py", line 126, in <module>
    raise SystemExit(main())
                     ^^^^^^
  File "C:\CAOR\experiments\fig_data_efficiency.py", line 65, in main
    snap = pd.read_parquet(ROOT / "results" / "snapshot_xgb.parquet")
           ^^^^^^^^^^^^^^^^^^^^^^^^^^^^^^^^^^^^^^^^^^^^^^^^^^^^^^^^^^
  File "C:\CAOR\.venv\Lib\site-packages\pandas\io\parquet.py", line 669, in read_parquet
    return impl.read(
           ^^^^^^^^^^
  File "C:\CAOR\.venv\Lib\site-packages\pandas\io\parquet.py", line 258, in read
    path_or_handle, handles, filesystem = _get_path_or_handle(
                                          ^^^^^^^^^^^^^^^^^^^^
  File "C:\CAOR\.venv\Lib\site-packages\pandas\io\parquet.py", line 141, in _get_path_or_handle
    handles = get_handle(
              ^^^^^^^^^^^
  File "C:\CAOR\.venv\Lib\site-packages\pandas\io\common.py", line 882, in get_handle
    handle = open(handle, ioargs.mode)
             ^^^^^^^^^^^^^^^^^^^^^^^^^
FileNotFoundError: [Errno 2] No such file or directory: 'C:\\CAOR\\results\\snapshot_xgb.parquet'
########## rc=1  18:29:30

########## .venv/Scripts/python.exe -m experiments.e2_main stats --scenario default --baseline ours ##########  18:29:30
[stats] WARNING: no results under C:\CAOR\results for ['snapshot_xgb']; they are absent from the comparison. Run them, or pass --methods explicitly so the omission is deliberate.
[E2 stats] 750 rows across 15 methods, 50 seeds.

[E2 stats] service_failure_rate (scenario=default):
     method  point  ci_lo  ci_hi  diff_point  p_raw  p_adj_bh reject_bh
       eedd 0.0977 0.0590 0.1425      0.0276 0.0068    0.0074      True
     covert 0.0855 0.0612 0.1130      0.0154 0.0000    0.0000      True
         ms 0.1076 0.0691 0.1526      0.0375 0.0000    0.0000      True
        atc 0.1133 0.0886 0.1405      0.0432 0.0000    0.0000      True
        mdd 0.1035 0.0667 0.1464      0.0334 0.0000    0.0000      True
        edd 0.1049 0.0676 0.1485      0.0348 0.0000    0.0000      True
       fifo 0.1938 0.1595 0.2318      0.1237 0.0000    0.0000      True
       wspt 0.1000 0.0930 0.1074      0.0299 0.0027    0.0032      True
       fefo 0.2076 0.1737 0.2444      0.1375 0.0000    0.0000      True
     linucb 0.0954 0.0650 0.1300      0.0253 0.0000    0.0000      True
rolling_mpc 0.0657 0.0426 0.0923     -0.0044 0.0000    0.0000      True
 greedy_mpc 0.0624 0.0396 0.0887     -0.0078 0.0002    0.0002      True
   ppo_fair 0.0982 0.0666 0.1352      0.0281 0.0000    0.0000      True
offline_fqi 0.0731 0.0492 0.1002      0.0030 0.0101    0.0101      True
       ours 0.0701 0.0461 0.0972      0.0000    NaN       NaN     False

[E2 stats] mean_tardiness (scenario=default):
     method  point  ci_lo  ci_hi  diff_point  p_raw  p_adj_bh reject_bh
       eedd 0.8249 0.3639 1.4098      0.0028 0.0303    0.0354      True
     covert 0.8628 0.4530 1.3716      0.0407 0.0000    0.0000      True
         ms 0.8212 0.3501 1.4211     -0.0009 0.0242    0.0308      True
        atc 1.2334 0.7547 1.8170      0.4113 0.0000    0.0000      True
        mdd 0.6910 0.3089 1.1753     -0.1310 0.0000    0.0001      True
        edd 0.7853 0.3374 1.3565     -0.0368 0.0134    0.0188      True
       fifo 2.0900 1.4950 2.7951      1.2679 0.0000    0.0000      True
       wspt 5.7958 4.7555 6.9409      4.9738 0.0000    0.0000      True
       fefo 2.9080 2.1269 3.8221      2.0860 0.0000    0.0000      True
     linucb 0.8069 0.3868 1.3416     -0.0152 0.8696    0.8696     False
rolling_mpc 0.8214 0.4034 1.3414     -0.0006 0.6444    0.6940     False
 greedy_mpc 0.7770 0.3674 1.2900     -0.0451 0.0024    0.0037      True
   ppo_fair 0.9216 0.4599 1.5019      0.0995 0.0000    0.0000      True
offline_fqi 0.8641 0.4492 1.3791      0.0421 0.0000    0.0000      True
       ours 0.8221 0.4083 1.3383      0.0000    NaN       NaN     False

[E2 stats] composite_cost (scenario=default):
     method     point     ci_lo     ci_hi  diff_point  p_raw  p_adj_bh reject_bh
       eedd  695.7708  378.7023 1083.0332    314.5248 0.0018    0.0021      True
     covert  454.3620  304.3359  631.7882     73.1161 0.0000    0.0000      True
         ms  789.8243  463.2448 1191.2392    408.5783 0.0000    0.0000      True
        atc  559.9183  403.9044  741.7168    178.6723 0.0000    0.0000      True
        mdd  733.1523  438.7552 1092.9895    351.9063 0.0000    0.0000      True
        edd  763.0576  449.8897 1148.0709    381.8116 0.0000    0.0000      True
       fifo 1485.9735 1134.7667 1894.8139   1104.7275 0.0000    0.0000      True
       wspt 1215.6961 1021.6158 1428.8339    834.4501 0.0000    0.0000      True
       fefo 1698.9586 1321.8672 2131.8506   1317.7126 0.0000    0.0000      True
     linucb  583.5595  371.6811  836.7084    202.3135 0.0000    0.0000      True
rolling_mpc  362.5789  217.3544  536.8734    -18.6670 0.0001    0.0001      True
 greedy_mpc  356.1368  210.6451  531.9120    -25.1091 0.0056    0.0060      True
   ppo_fair  610.9135  355.7907  927.7191    229.6675 0.0000    0.0000      True
offline_fqi  389.9355  241.9897  564.7966      8.6896 0.0714    0.0714     False
       ours  381.2460  233.5146  557.1625      0.0000    NaN       NaN     False

[E2 stats] throughput (scenario=default):
     method    point    ci_lo    ci_hi  diff_point  p_raw  p_adj_bh reject_bh
       eedd 729.8400 726.3195 733.3400     -2.2600 0.0003    0.0009      True
     covert 732.1000 728.3400 735.8200      0.0000 0.7747    0.7747     False
         ms 729.1400 725.7600 732.4800     -2.9600 0.0000    0.0001      True
        atc 734.3000 730.4795 738.0800      2.2000 0.0000    0.0000      True
        mdd 730.5000 726.9200 734.0000     -1.6000 0.0004    0.0009      True
        edd 729.7800 726.3000 733.2000     -2.3200 0.0003    0.0009      True
       fifo 730.1600 726.6800 733.5400     -1.9400 0.0076    0.0133      True
       wspt 743.3400 739.0000 747.7200     11.2400 0.0000    0.0000      True
       fefo 730.3400 726.8200 733.8200     -1.7600 0.0052    0.0104      True
     linucb 731.0800 727.5000 734.6400     -1.0200 0.0307    0.0477      True
rolling_mpc 732.4600 728.7200 736.2000      0.3600 0.0628    0.0799     False
 greedy_mpc 732.5400 728.8000 736.2800      0.4400 0.0410    0.0573     False
   ppo_fair 730.4800 726.9600 733.9400     -1.6200 0.1140    0.1330     False
offline_fqi 732.3200 728.5195 736.1600      0.2200 0.2994    0.3224     False
       ours 732.1000 728.3200 735.8000      0.0000    NaN       NaN     False

[E2 stats] picker_utilization (scenario=default):
     method  point  ci_lo  ci_hi  diff_point  p_raw  p_adj_bh reject_bh
       eedd 0.9558 0.9526 0.9587      0.0000 1.0000    1.0000     False
     covert 0.9557 0.9526 0.9587     -0.0000 0.8375    0.9019     False
         ms 0.9559 0.9527 0.9588      0.0001 0.0178    0.0832     False
        atc 0.9556 0.9524 0.9586     -0.0001 0.0067    0.0470      True
        mdd 0.9558 0.9526 0.9588      0.0000 0.6736    0.8964     False
        edd 0.9558 0.9526 0.9588      0.0000 0.6736    0.8964     False
       fifo 0.9557 0.9526 0.9587     -0.0000 0.5657    0.8964     False
       wspt 0.9550 0.9518 0.9580     -0.0008 0.0000    0.0000      True
       fefo 0.9558 0.9526 0.9588      0.0000 0.7043    0.8964     False
     linucb 0.9558 0.9526 0.9587      0.0000 0.7705    0.8989     False
rolling_mpc 0.9557 0.9525 0.9587     -0.0000 0.3535    0.8249     False
 greedy_mpc 0.9557 0.9526 0.9587     -0.0000 0.2919    0.8173     False
   ppo_fair 0.9557 0.9525 0.9587     -0.0001 0.0285    0.0997     False
offline_fqi 0.9557 0.9526 0.9587     -0.0000 0.6496    0.8964     False
       ours 0.9558 0.9526 0.9587      0.0000    NaN       NaN     False

[E2 stats] wrote results\E2\default_stats.parquet
########## rc=0  18:29:33

########## .venv/Scripts/python.exe -m experiments.e2_main eval --scenario balanced ##########  18:29:33
[E2 eval] scenario=balanced  method=eedd  n_seeds=50
[E2 eval] scenario=balanced  method=covert  n_seeds=50
[E2 eval] scenario=balanced  method=ms  n_seeds=50
[E2 eval] scenario=balanced  method=atc  n_seeds=50
[E2 eval] scenario=balanced  method=mdd  n_seeds=50
[E2 eval] scenario=balanced  method=edd  n_seeds=50
[E2 eval] scenario=balanced  method=fifo  n_seeds=50
[E2 eval] scenario=balanced  method=wspt  n_seeds=50
[E2 eval] scenario=balanced  method=fefo  n_seeds=50
[E2 eval] scenario=balanced  method=linucb  n_seeds=50
[E2 eval] scenario=balanced  method=rolling_mpc  n_seeds=50
[E2 eval] scenario=balanced  method=greedy_mpc  n_seeds=50
[E2 eval] scenario=balanced  method=snapshot_xgb  n_seeds=50
[E2 eval] scenario=balanced  method=ppo_fair  n_seeds=50
[E2 eval] scenario=balanced  method=offline_fqi  n_seeds=50
[E2 eval] scenario=balanced  method=ours  n_seeds=50

[E2 eval] wrote results\scenario_balanced/
########## rc=0  19:00:57

########## .venv/Scripts/python.exe -m experiments.e2_main eval --scenario high_load_perish ##########  19:00:57
[E2 eval] scenario=high_load_perish  method=eedd  n_seeds=50
[E2 eval] scenario=high_load_perish  method=covert  n_seeds=50
[E2 eval] scenario=high_load_perish  method=ms  n_seeds=50
[E2 eval] scenario=high_load_perish  method=atc  n_seeds=50
[E2 eval] scenario=high_load_perish  method=mdd  n_seeds=50
[E2 eval] scenario=high_load_perish  method=edd  n_seeds=50
[E2 eval] scenario=high_load_perish  method=fifo  n_seeds=50
[E2 eval] scenario=high_load_perish  method=wspt  n_seeds=50
[E2 eval] scenario=high_load_perish  method=fefo  n_seeds=50
[E2 eval] scenario=high_load_perish  method=linucb  n_seeds=50
[E2 eval] scenario=high_load_perish  method=rolling_mpc  n_seeds=50
[E2 eval] scenario=high_load_perish  method=greedy_mpc  n_seeds=50
[E2 eval] scenario=high_load_perish  method=snapshot_xgb  n_seeds=50
[E2 eval] scenario=high_load_perish  method=ppo_fair  n_seeds=50
[E2 eval] scenario=high_load_perish  method=offline_fqi  n_seeds=50
[E2 eval] scenario=high_load_perish  method=ours  n_seeds=50

[E2 eval] wrote results\scenario_high_load_perish/
########## rc=0  19:50:47

########## .venv/Scripts/python.exe -m experiments.misspecification run --n-jobs -1 ##########  19:50:47

[misspec] arrival_rate_scale=0.8   (5 methods x 50 shifts)
  [eval] ours: policy retains state across shifts; ignoring n_jobs=-1 and running serially.
    ours           cost=  15.991  fail=0.0042
    rolling_mpc    cost=  15.582  fail=0.0041
    offline_fqi    cost=  15.941  fail=0.0042
    EEDD           cost=  15.837  fail=0.0041
    COVERT         cost=  16.939  fail=0.0043

[misspec] arrival_rate_scale=0.9   (5 methods x 50 shifts)
  [eval] ours: policy retains state across shifts; ignoring n_jobs=-1 and running serially.
    ours           cost=  19.035  fail=0.0044
    rolling_mpc    cost=  18.500  fail=0.0043
    offline_fqi    cost=  19.342  fail=0.0045
    EEDD           cost=  19.035  fail=0.0044
    COVERT         cost=  33.343  fail=0.0068

[misspec] arrival_rate_scale=1.0   (5 methods x 50 shifts)
  [eval] ours: policy retains state across shifts; ignoring n_jobs=-1 and running serially.
    ours           cost= 381.246  fail=0.0701
    rolling_mpc    cost= 362.579  fail=0.0657
    offline_fqi    cost= 389.936  fail=0.0731
    EEDD           cost= 695.771  fail=0.0977
    COVERT         cost= 454.362  fail=0.0855

[misspec] arrival_rate_scale=1.1   (5 methods x 50 shifts)
  [eval] ours: policy retains state across shifts; ignoring n_jobs=-1 and running serially.
    ours           cost=2477.085  fail=0.3119
    rolling_mpc    cost=2408.851  fail=0.2977
    offline_fqi    cost=2466.122  fail=0.3064
    EEDD           cost=5294.658  fail=0.4967
    COVERT         cost=2509.917  fail=0.3182

[misspec] arrival_rate_scale=1.25   (5 methods x 50 shifts)
  [eval] ours: policy retains state across shifts; ignoring n_jobs=-1 and running serially.
    ours           cost=6611.866  fail=0.4652
    rolling_mpc    cost=6535.935  fail=0.4549
    offline_fqi    cost=6596.139  fail=0.4601
    EEDD           cost=14375.967  fail=0.7134
    COVERT         cost=6628.076  fail=0.4686

[misspec] processing_time_scale=0.8   (5 methods x 50 shifts)
  [eval] ours: policy retains state across shifts; ignoring n_jobs=-1 and running serially.
    ours           cost=   9.136  fail=0.0020
    rolling_mpc    cost=   9.130  fail=0.0020
    offline_fqi    cost=  10.352  fail=0.0021
    EEDD           cost=   9.136  fail=0.0020
    COVERT         cost=  10.661  fail=0.0021

[misspec] processing_time_scale=0.9   (5 methods x 50 shifts)
  [eval] ours: policy retains state across shifts; ignoring n_jobs=-1 and running serially.
    ours           cost=  14.909  fail=0.0033
    rolling_mpc    cost=  14.856  fail=0.0033
    offline_fqi    cost=  16.811  fail=0.0036
    EEDD           cost=  14.909  fail=0.0033
    COVERT         cost=  26.331  fail=0.0051

[misspec] processing_time_scale=1.0   (5 methods x 50 shifts)
  [eval] ours: policy retains state across shifts; ignoring n_jobs=-1 and running serially.
    ours           cost= 381.246  fail=0.0701
    rolling_mpc    cost= 362.579  fail=0.0657
    offline_fqi    cost= 389.936  fail=0.0731
    EEDD           cost= 695.771  fail=0.0977
    COVERT         cost= 454.362  fail=0.0855

[misspec] processing_time_scale=1.1   (5 methods x 50 shifts)
  [eval] ours: policy retains state across shifts; ignoring n_jobs=-1 and running serially.
    ours           cost=2265.777  fail=0.2984
    rolling_mpc    cost=2228.311  fail=0.2905
    offline_fqi    cost=2278.420  fail=0.2970
    EEDD           cost=4952.787  fail=0.5028
    COVERT         cost=2292.974  fail=0.3058

[misspec] processing_time_scale=1.25   (5 methods x 50 shifts)
  [eval] ours: policy retains state across shifts; ignoring n_jobs=-1 and running serially.
    ours           cost=5316.743  fail=0.4268
    rolling_mpc    cost=5267.142  fail=0.4209
    offline_fqi    cost=5435.942  fail=0.4386
    EEDD           cost=11837.382  fail=0.7252
    COVERT         cost=5326.387  fail=0.4316

[misspec] sla_scale=0.8   (5 methods x 50 shifts)
  [eval] ours: policy retains state across shifts; ignoring n_jobs=-1 and running serially.
    ours           cost=1032.663  fail=0.1811
    rolling_mpc    cost= 922.225  fail=0.1631
    offline_fqi    cost=1013.963  fail=0.1905
    EEDD           cost=1855.695  fail=0.2599
    COVERT         cost=1016.999  fail=0.1930

[misspec] sla_scale=1.0   (5 methods x 50 shifts)
  [eval] ours: policy retains state across shifts; ignoring n_jobs=-1 and running serially.
    ours           cost= 381.246  fail=0.0701
    rolling_mpc    cost= 362.579  fail=0.0657
    offline_fqi    cost= 389.936  fail=0.0731
    EEDD           cost= 695.771  fail=0.0977
    COVERT         cost= 454.362  fail=0.0855

[misspec] sla_scale=1.25   (5 methods x 50 shifts)
  [eval] ours: policy retains state across shifts; ignoring n_jobs=-1 and running serially.
    ours           cost= 146.890  fail=0.0266
    rolling_mpc    cost= 116.209  fail=0.0217
    offline_fqi    cost= 156.553  fail=0.0293
    EEDD           cost= 202.566  fail=0.0319
    COVERT         cost= 204.042  fail=0.0353

[misspec] shelf_life_scale=0.8   (5 methods x 50 shifts)
  [eval] ours: policy retains state across shifts; ignoring n_jobs=-1 and running serially.
    ours           cost= 423.318  fail=0.0750
    rolling_mpc    cost= 407.608  fail=0.0712
    offline_fqi    cost= 447.319  fail=0.0799
    EEDD           cost= 762.416  fail=0.1061
    COVERT         cost= 558.462  fail=0.0985

[misspec] shelf_life_scale=1.0   (5 methods x 50 shifts)
  [eval] ours: policy retains state across shifts; ignoring n_jobs=-1 and running serially.
    ours           cost= 381.246  fail=0.0701
    rolling_mpc    cost= 362.579  fail=0.0657
    offline_fqi    cost= 389.936  fail=0.0731
    EEDD           cost= 695.771  fail=0.0977
    COVERT         cost= 454.362  fail=0.0855

[misspec] shelf_life_scale=1.25   (5 methods x 50 shifts)
  [eval] ours: policy retains state across shifts; ignoring n_jobs=-1 and running serially.
    ours           cost= 356.329  fail=0.0666
    rolling_mpc    cost= 339.509  fail=0.0634
    offline_fqi    cost= 361.120  fail=0.0687
    EEDD           cost= 659.137  fail=0.0943
    COVERT         cost= 394.962  fail=0.0782

[misspec] n_pickers_delta=-2   (5 methods x 50 shifts)
  [eval] ours: policy retains state across shifts; ignoring n_jobs=-1 and running serially.
    ours           cost=5330.859  fail=0.4679
    rolling_mpc    cost=5238.079  fail=0.4536
    offline_fqi    cost=5366.154  fail=0.4693
    EEDD           cost=11584.051  fail=0.7158
    COVERT         cost=5344.761  fail=0.4721

[misspec] n_pickers_delta=-1   (5 methods x 50 shifts)
  [eval] ours: policy retains state across shifts; ignoring n_jobs=-1 and running serially.
    ours           cost=2505.849  fail=0.3271
    rolling_mpc    cost=2445.282  fail=0.3146
    offline_fqi    cost=2507.539  fail=0.3259
    EEDD           cost=5411.060  fail=0.5255
    COVERT         cost=2538.189  fail=0.3357

[misspec] n_pickers_delta=0   (5 methods x 50 shifts)
  [eval] ours: policy retains state across shifts; ignoring n_jobs=-1 and running serially.
    ours           cost= 381.246  fail=0.0701
    rolling_mpc    cost= 362.579  fail=0.0657
    offline_fqi    cost= 389.936  fail=0.0731
    EEDD           cost= 695.771  fail=0.0977
    COVERT         cost= 454.362  fail=0.0855

[misspec] n_pickers_delta=1   (5 methods x 50 shifts)
  [eval] ours: policy retains state across shifts; ignoring n_jobs=-1 and running serially.
    ours           cost=  19.301  fail=0.0041
    rolling_mpc    cost=  19.657  fail=0.0042
    offline_fqi    cost=  21.067  fail=0.0046
    EEDD           cost=  19.202  fail=0.0041
    COVERT         cost=  37.764  fail=0.0071

[misspec] n_pickers_delta=2   (5 methods x 50 shifts)
  [eval] ours: policy retains state across shifts; ignoring n_jobs=-1 and running serially.
    ours           cost=  18.247  fail=0.0039
    rolling_mpc    cost=  18.164  fail=0.0040
    offline_fqi    cost=  19.365  fail=0.0042
    EEDD           cost=  18.047  fail=0.0039
    COVERT         cost=  20.618  fail=0.0042

[misspec] wrote results\E10_misspecification/misspecification.parquet
########## rc=0  20:20:40

########## .venv/Scripts/python.exe -m experiments.misspecification summary ##########  20:20:40
                 axis      method  nominal_cost  worst_cost  relative_degradation_slope
   arrival_rate_scale      COVERT      454.3620   6628.0760                     38.2949
   arrival_rate_scale offline_fqi      389.9355   6596.1389                     45.0410
   arrival_rate_scale        ours      381.2460   6611.8664                     46.2540
   arrival_rate_scale rolling_mpc      362.5789   6535.9349                     48.2978
   arrival_rate_scale        EEDD      695.7708  14375.9665                     55.8398
      n_pickers_delta      COVERT      454.3620   5344.7609                     25.4036
      n_pickers_delta offline_fqi      389.9355   5366.1540                     30.5432
      n_pickers_delta        ours      381.2460   5330.8591                     31.0707
      n_pickers_delta rolling_mpc      362.5789   5238.0795                     32.2778
      n_pickers_delta        EEDD      695.7708  11584.0513                     37.7829
processing_time_scale      COVERT      454.3620   5326.3872                     29.6116
processing_time_scale        ours      381.2460   5316.7434                     35.9394
processing_time_scale offline_fqi      389.9355   5435.9424                     36.0039
processing_time_scale rolling_mpc      362.5789   5267.1422                     37.6155
processing_time_scale        EEDD      695.7708  11837.3824                     44.6927
     shelf_life_scale      COVERT      454.3620    558.4620                     -0.0462
     shelf_life_scale        ours      381.2460    423.3183                     -0.0291
     shelf_life_scale        EEDD      695.7708    762.4164                     -0.0136
     shelf_life_scale rolling_mpc      362.5789    407.6076                     -0.0044
     shelf_life_scale offline_fqi      389.9355    447.3194                     -0.0009
            sla_scale      COVERT      454.3620   1016.9991                      0.1949
            sla_scale rolling_mpc      362.5789    922.2248                      0.2636
            sla_scale        EEDD      695.7708   1855.6954                      0.3563
            sla_scale offline_fqi      389.9355   1013.9634                      0.5761
            sla_scale        ours      381.2460   1032.6633                      0.6846

[misspec] most robust: COVERT   least robust: EEDD
########## rc=0  20:20:41

########## .venv/Scripts/python.exe -m experiments.e4_sensitivity weights --n-jobs -1 ##########  20:20:41

[E4 weights] w_breach: [1.0, 3.0, 6.0]  (nominal 3.0)
  [eval] w_breach_1.0_ours: policy retains state across shifts; ignoring n_jobs=-1 and running serially.
  w_breach=1.0      ours           cost=  252.286  fail=0.0701
  w_breach=1.0      rolling_mpc    cost=  240.354  fail=0.0667
  w_breach=1.0      eedd           cost=  425.211  fail=0.0977
  w_breach=1.0      edd            cost=  502.378  fail=0.1049
  [eval] w_breach_3.0_ours: policy retains state across shifts; ignoring n_jobs=-1 and running serially.
  w_breach=3.0      ours           cost=  381.246  fail=0.0701
  w_breach=3.0      rolling_mpc    cost=  362.579  fail=0.0657
  w_breach=3.0      eedd           cost=  695.771  fail=0.0977
  w_breach=3.0      edd            cost=  763.058  fail=0.1049
  [eval] w_breach_6.0_ours: policy retains state across shifts; ignoring n_jobs=-1 and running serially.
  w_breach=6.0      ours           cost=  574.686  fail=0.0701
  w_breach=6.0      rolling_mpc    cost=  539.748  fail=0.0656
  w_breach=6.0      eedd           cost= 1101.611  fail=0.0977
  w_breach=6.0      edd            cost= 1154.078  fail=0.1049

[E4 weights] w_spoil: [1.0, 3.0, 5.0, 10.0]  (nominal 5.0)
  [eval] w_spoil_1.0_ours: policy retains state across shifts; ignoring n_jobs=-1 and running serially.
  w_spoil=1.0      ours           cost=  341.966  fail=0.0701
  w_spoil=1.0      rolling_mpc    cost=  324.936  fail=0.0669
  w_spoil=1.0      eedd           cost=  654.251  fail=0.0977
  w_spoil=1.0      edd            cost=  646.498  fail=0.1049
  [eval] w_spoil_3.0_ours: policy retains state across shifts; ignoring n_jobs=-1 and running serially.
  w_spoil=3.0      ours           cost=  361.606  fail=0.0701
  w_spoil=3.0      rolling_mpc    cost=  346.836  fail=0.0661
  w_spoil=3.0      eedd           cost=  675.011  fail=0.0977
  w_spoil=3.0      edd            cost=  704.778  fail=0.1049
  [eval] w_spoil_5.0_ours: policy retains state across shifts; ignoring n_jobs=-1 and running serially.
  w_spoil=5.0      ours           cost=  381.246  fail=0.0701
  w_spoil=5.0      rolling_mpc    cost=  362.579  fail=0.0657
  w_spoil=5.0      eedd           cost=  695.771  fail=0.0977
  w_spoil=5.0      edd            cost=  763.058  fail=0.1049
  [eval] w_spoil_10.0_ours: policy retains state across shifts; ignoring n_jobs=-1 and running serially.
  w_spoil=10.0     ours           cost=  430.346  fail=0.0701
  w_spoil=10.0     rolling_mpc    cost=  401.298  fail=0.0656
  w_spoil=10.0     eedd           cost=  747.671  fail=0.0977
  w_spoil=10.0     edd            cost=  908.758  fail=0.1049

[E4 weights] w_tardy: [0.1, 0.2, 0.5]  (nominal 0.2)
  [eval] w_tardy_0.1_ours: policy retains state across shifts; ignoring n_jobs=-1 and running serially.
  w_tardy=0.1      ours           cost=  311.980  fail=0.0701
  w_tardy=0.1      rolling_mpc    cost=  291.255  fail=0.0650
  w_tardy=0.1      eedd           cost=  576.848  fail=0.0977
  w_tardy=0.1      edd            cost=  649.982  fail=0.1049
  [eval] w_tardy_0.2_ours: policy retains state across shifts; ignoring n_jobs=-1 and running serially.
  w_tardy=0.2      ours           cost=  381.246  fail=0.0701
  w_tardy=0.2      rolling_mpc    cost=  362.579  fail=0.0657
  w_tardy=0.2      eedd           cost=  695.771  fail=0.0977
  w_tardy=0.2      edd            cost=  763.058  fail=0.1049
  [eval] w_tardy_0.5_ours: policy retains state across shifts; ignoring n_jobs=-1 and running serially.
  w_tardy=0.5      ours           cost=  589.043  fail=0.0701
  w_tardy=0.5      rolling_mpc    cost=  565.760  fail=0.0653
  w_tardy=0.5      eedd           cost= 1052.538  fail=0.0977
  w_tardy=0.5      edd            cost= 1102.285  fail=0.1049

[E4 weights] w_holding: [0.0, 0.005, 0.05]  (nominal 0.005)
  [eval] w_holding_0.0_ours: policy retains state across shifts; ignoring n_jobs=-1 and running serially.
  w_holding=0.0      ours           cost=  381.071  fail=0.0701
  w_holding=0.0      rolling_mpc    cost=  362.279  fail=0.0659
  w_holding=0.0      eedd           cost=  695.585  fail=0.0977
  w_holding=0.0      edd            cost=  762.871  fail=0.1049
  [eval] w_holding_0.005_ours: policy retains state across shifts; ignoring n_jobs=-1 and running serially.
  w_holding=0.005    ours           cost=  381.246  fail=0.0701
  w_holding=0.005    rolling_mpc    cost=  362.579  fail=0.0657
  w_holding=0.005    eedd           cost=  695.771  fail=0.0977
  w_holding=0.005    edd            cost=  763.058  fail=0.1049
  [eval] w_holding_0.05_ours: policy retains state across shifts; ignoring n_jobs=-1 and running serially.
  w_holding=0.05     ours           cost=  382.816  fail=0.0701
  w_holding=0.05     rolling_mpc    cost=  364.786  fail=0.0659
  w_holding=0.05     eedd           cost=  697.443  fail=0.0977
  w_holding=0.05     edd            cost=  764.732  fail=0.1049

[E4 weights] winner by cell (lowest composite cost):
  w_breach=1.0      -> rolling_mpc
  w_breach=3.0      -> rolling_mpc
  w_breach=6.0      -> rolling_mpc
  w_holding=0.0      -> rolling_mpc
  w_holding=0.005    -> rolling_mpc
  w_holding=0.05     -> rolling_mpc
  w_spoil=1.0      -> rolling_mpc
  w_spoil=3.0      -> rolling_mpc
  w_spoil=5.0      -> rolling_mpc
  w_spoil=10.0     -> rolling_mpc
  w_tardy=0.1      -> rolling_mpc
  w_tardy=0.2      -> rolling_mpc
  w_tardy=0.5      -> rolling_mpc

[E4 weights] RANKING INVARIANT: rolling_mpc wins all 13 cells. The conclusion does not depend on the objective weights over the swept ranges.
[E4 weights] summary -> results\E4\weights_summary.parquet
########## rc=0  20:38:34

########## .venv/Scripts/python.exe -m experiments.e4_sensitivity t_min ##########  20:38:34
[E4 t_min] T_min=0  on 50 shifts
  sla_breach=0.0694  composite_cost=379.7739
[E4 t_min] T_min=1  on 50 shifts
  sla_breach=0.0694  composite_cost=379.7739
[E4 t_min] T_min=2  on 50 shifts
  sla_breach=0.0701  composite_cost=381.2460
[E4 t_min] T_min=3  on 50 shifts
  sla_breach=0.0709  composite_cost=384.0084
[E4 t_min] T_min=4  on 50 shifts
  sla_breach=0.0707  composite_cost=383.6270

[E4 t_min] summary -> results\E4\t_min_summary.parquet
########## rc=0  20:38:59

########## .venv/Scripts/python.exe -m experiments.e4_sensitivity arrival_noise ##########  20:38:59
[E4 arrival_noise] x=0.5  (rate=0.825)
  sla_breach=0.0034  composite_cost=7.3423
[E4 arrival_noise] x=1.0  (rate=1.650)
  sla_breach=0.0701  composite_cost=381.2460
[E4 arrival_noise] x=1.5  (rate=2.475)
  sla_breach=0.5963  composite_cost=17627.5936
[E4 arrival_noise] x=2.0  (rate=3.300)
  sla_breach=0.7047  composite_cost=45890.0504

[E4 arrival_noise] summary -> results\E4\arrival_noise_summary.parquet
########## rc=0  20:39:24

########## .venv/Scripts/python.exe -m experiments.e4_sensitivity theta ##########  20:39:24
[E4 theta] values=[0.4, 0.5, 0.55, 0.6, 0.7]  (re-labeling pipeline)
  For each θ:
    1) python -m experiments.generate_labels --theta <v> --train-out data/e4_theta_<v>/train.parquet --test-out data/e4_theta_<v>/test.parquet
    2) python -m experiments.train_ranker --run-id e4_theta_<v> --train-path data/e4_theta_<v>/train.parquet --test-path data/e4_theta_<v>/test.parquet
    3) python -m experiments.evaluate --method ours --run-dir runs/e4_theta_<v> --results-dir results/E4/theta/theta_<v>
  This is multi-hour compute; run from a screen/nohup session.
########## rc=0  20:39:25

########## .venv/Scripts/python.exe -m experiments.e4_sensitivity tau ##########  20:39:25
Traceback (most recent call last):
  File "<frozen runpy>", line 198, in _run_module_as_main
  File "<frozen runpy>", line 88, in _run_code
  File "C:\CAOR\experiments\e4_sensitivity.py", line 384, in <module>
    sys.exit(main())
             ^^^^^^
  File "C:\CAOR\experiments\e4_sensitivity.py", line 380, in main
    return args.func(args)
           ^^^^^^^^^^^^^^^
  File "C:\CAOR\experiments\e4_sensitivity.py", line 204, in cmd_tau
    policy = load_ours(run_dir, cfg=cfg)
             ^^^^^^^^^^^^^^^^^^^^^^^^^^^
  File "C:\CAOR\baselines\ours.py", line 121, in load_ours
    raise FileNotFoundError(f"missing artifact: {run_dir / required}")
FileNotFoundError: missing artifact: C:\CAOR\runs\phase4_tau2\calibrator.joblib
[E4 tau] tau=1  run_dir=runs\phase4_tau1
  sla_breach=0.0691  composite_cost=388.7640
########## rc=1  20:39:29

########## .venv/Scripts/python.exe -m experiments.e5_calibration reliability ##########  20:39:29
[E5] run_dir=C:\CAOR\runs\phase4  test_path=C:\CAOR\data\test.parquet
[E5] 1525 test rows.
  ECE  pre=0.1709   post=0.0198
  Brier pre=0.1739  post=0.1258
  soft-xent pre=0.8284  post=2.3880
  wrote results\E5\calibration_table.parquet
########## rc=0  20:39:32

########## .venv/Scripts/python.exe -m experiments.e5_calibration shap ##########  20:39:32
[E5 SHAP] sampling 500 rows from 1525 test rows.

[E5 SHAP] Top 10 features by mean |SHAP|:
                         feature  mean_abs_shap
                  f_queue_length         0.3476
            f_queue_length_lag_1         0.1520
            f_mean_slack_minutes         0.1161
                   regime_post_6         0.0549
       f_interval_index_in_shift         0.0528
            f_queue_length_lag_2         0.0389
f_mean_processing_time_remaining         0.0324
            f_pct_expiring_30min         0.0312
                  f_pct_critical         0.0253
        f_n_orders_at_risk_30min         0.0220

[E5 SHAP] figures -> figures\E5/
########## rc=0  20:39:36

########## .venv/Scripts/python.exe -m experiments.feature_analysis ##########  20:39:36
[features] wrote provenance table for 26 features
[features] matrix 8000 rows x 26 features

[features] near-constant columns : none
[features] |r| >= 0.95 pairs      : 10
    labor_utilization                ~ n_pickers_busy                   r=+1.000
    failure_rate_lag_1               ~ failure_rate_lag_2               r=+0.995
    failure_rate_lag_2               ~ failure_rate_lag_3               r=+0.995
    failure_rate_lag_1               ~ failure_rate_lag_3               r=+0.985
    n_orders_late_so_far             ~ failure_rate_lag_3               r=+0.985
    n_orders_late_so_far             ~ failure_rate_lag_2               r=+0.983
    n_orders_late_so_far             ~ failure_rate_lag_1               r=+0.976
    queue_length_lag_1               ~ queue_length_lag_2               r=+0.969
    queue_length_lag_2               ~ queue_length_lag_3               r=+0.969
    mean_queue_age                   ~ max_queue_age                    r=+0.954
[features] VIF >= 10              : ['queue_length', 'n_arrivals_last_interval', 'n_pickers_busy', 'labor_utilization', 'queue_length_lag_1', 'failure_rate_lag_2', 'failure_rate_lag_1', 'failure_rate_lag_3', 'mean_queue_age', 'n_orders_late_so_far', 'queue_length_lag_2', 'queue_length_lag_3', 'max_queue_age', 'mean_slack_minutes']
[features] recommended drop      : ['failure_rate_lag_1', 'failure_rate_lag_2', 'failure_rate_lag_3', 'mean_queue_age', 'n_pickers_busy', 'queue_length_lag_1', 'queue_length_lag_2']
[features] top-5 subset for the parsimony ablation: ['f_queue_length', 'f_queue_length_lag_1', 'f_mean_slack_minutes', 'regime_post_6', 'f_interval_index_in_shift']
########## rc=0  20:39:36

########## .venv/Scripts/python.exe -m experiments.observability_analysis ##########  20:39:37
[observability] strongest constructive witness: ATC, tau=4, 1 picker(s)
  phi max |A - B|   = 0.00e+00  (identical)
  cost(queue A)     = 3.7900
  cost(queue B)     = -0.0100
  gap               = +3.8000
  admits a witness  : ATC, COVERT
  does not          : EDD, EEDD, MDD, MS (slack-only rules order both queues identically)

[observability] empirical aliasing over 8,000 states
  near-identical pairs                 : 1,929
  disagree on the best rule            : 14.4%
  mean regret | disagreement           : 2.0245
  as a share of achievable benefit     : 3.6%
########## rc=0  20:39:40

########## .venv/Scripts/python.exe -m experiments.saturation_analysis trace ##########  20:39:40
[saturation] low_load           eff.rules=1.09  switch=0.009  blocked=0.004
[saturation] balanced           eff.rules=1.07  switch=0.011  blocked=0.002
[saturation] default            eff.rules=1.65  switch=0.044  blocked=0.010
[saturation] high_load_perish   eff.rules=1.60  switch=0.033  blocked=0.000

        scenario  selection_entropy_effective_rules  switch_rate  blocked_switch_rate  gate_open_rate  share_EEDD  share_COVERT  share_MS  share_ATC  share_MDD  share_EDD  composite_cost  service_failure_rate  picker_utilization  n_epochs
        low_load                             1.0872       0.0094               0.0037          0.9256      0.9869        0.0075    0.0013     0.0037     0.0006     0.0000          9.0362                0.0034              0.6139      1600
        balanced                             1.0698       0.0106               0.0019          0.9450      0.9894        0.0069    0.0006     0.0031     0.0000     0.0000         17.0484                0.0038              0.9094      1600
         default                             1.6533       0.0437               0.0100          0.9269      0.8425        0.1381    0.0163     0.0031     0.0000     0.0000        381.2460                0.0701              0.9558      1600
high_load_perish                             1.6037       0.0325               0.0000          0.9856      0.1806        0.8194    0.0000     0.0000     0.0000     0.0000      10179.6551                0.5333              0.9683      1600

  selection entropy low_load -> high_load_perish: 1.09 -> 1.60
  blocked-switch rate low_load -> high_load_perish: 0.004 -> 0.000
  A rising blocked-switch rate under load is direct evidence that the dwell is preventing timely adaptation; a falling selection entropy means the selector is collapsing onto one rule.
########## rc=0  20:40:01

########## .venv/Scripts/python.exe -m experiments.saturation_analysis dwell --scenario high_load_perish ##########  20:40:01
  t_min=0  cost=10179.655  fail=0.5333  switch=0.033  blocked=0.000
  t_min=1  cost=10179.655  fail=0.5333  switch=0.033  blocked=0.000
  t_min=2  cost=10179.655  fail=0.5333  switch=0.033  blocked=0.000
  t_min=3  cost=10179.632  fail=0.5333  switch=0.031  blocked=0.001
  t_min=4  cost=10179.632  fail=0.5333  switch=0.031  blocked=0.001

[saturation] best t_min in high_load_perish: 3 (deployed 2)
########## rc=0  20:40:34

########## .venv/Scripts/python.exe -m experiments.fit_input_distributions ##########  20:40:34
[fit] Olist orders: 99,441

[fit] inter-arrival shape (n=98,241, CV=2.68, skew=11.0)
     family         aic  ks_stat
    lognorm 161983.6127   0.0541
weibull_min 166202.5333   0.0532
      gamma 177461.8625   0.0920
      expon 196486.0000   0.1544
  best: lognorm   (exponential, i.e. the submitted Poisson assumption, ranks 4 of 4, dAIC = 34502)

[fit] due-date window (n=99,441)
 family         aic  ks_stat
lognorm  78097.0326   0.0420
  gamma  78566.1057   0.0423
   norm  85330.6686   0.0542
 triang 257598.8864   0.5706
  fitted triangular, rescaled to mean 50.0 min: [1.405, 10.17, 138.425]

[fit] wrote results\S1_fit/{config_fitted.yaml, fit_report.json}
[fit] every simulator input now carries a provenance tag: fitted | literature | operating point | design parameter
########## rc=0  20:40:38

########## .venv/Scripts/python.exe -m experiments.a_realdata_validation ##########  20:40:38
C:\CAOR\experiments\a_realdata_validation.py:164: UserWarning: Parameter `variant` has been introduced to replace `midrank`; `midrank` will be removed in SciPy 1.19.0. Specify `variant` to silence this warning. Note that the returned object will no longer be unpackable as a tuple, and `critical_values` will be omitted.
  ad = stats.anderson_ksamp([s_ad, r_ad])
C:\CAOR\experiments\a_realdata_validation.py:164: UserWarning: p-value floored: true value smaller than 0.001. Consider specifying `method` (e.g. `method=stats.PermutationMethod()`.)
  ad = stats.anderson_ksamp([s_ad, r_ad])
[A] loading simulator draws (250 shifts)...
[A] loading Olist trace...

=== Deliverable A — distributional-shape comparison ===

inter_arrival:
  n: sim=197,387  olist=98,241
  mean: sim=0.606  olist=8.607  (different scales — expected)
  CV:   sim=1.002  olist=2.677
  skew: sim=1.998  olist=11.041
  KS D=0.1525 (full-n p=0.00e+00)
  KS D=0.1520 (n=2000 p=0.0000)
  Anderson-Darling stat=1945.914 (p=0.0010)
  Wasserstein (normalized)=0.4434

processing_time:
  n: sim=197,637  olist=97,985
  mean: sim=6.336  olist=633.414  (different scales — expected)
  CV:   sim=0.331  olist=2.480
  skew: sim=0.353  olist=56.767
  KS D=0.6855 (full-n p=0.00e+00)
  KS D=0.6985 (n=2000 p=0.0000)
  Anderson-Darling stat=20080.323 (p=0.0010)
  Wasserstein (normalized)=1.1002

sla_window:
  n: sim=197,637  olist=99,441
  mean: sim=49.995  olist=34225.416  (different scales — expected)
  CV:   sim=0.308  olist=0.372
  skew: sim=0.194  olist=0.987
  KS D=0.0388 (full-n p=7.02e-87)
  KS D=0.0475 (n=2000 p=0.0219)
  Anderson-Darling stat=153.288 (p=0.0010)
  Wasserstein (normalized)=0.0350

perishable_frac: sim=0.199  olist(food+drink)=0.0099  abs_diff=0.190

[A] artifacts written:
  C:\CAOR\figures\A\olist_validation.png
  C:\CAOR\results\A\validation_stats.csv
  C:\CAOR\results\A\validation_stats.json
########## rc=0  20:40:44

########## .venv/Scripts/python.exe -m experiments.a2_olist_arrivals eval ##########  20:40:44

[A2] arrival_mode = poisson  (n_test=50)
  ours... OK
  greedy_mpc... OK
  snapshot_xgb... OK
  eedd... OK

[A2] arrival_mode = olist  (n_test=50)
  ours... OK
  greedy_mpc... OK
  snapshot_xgb... OK
  eedd... OK

[A2] summary written to results\A2\olist_arrivals_summary.parquet
########## rc=0  21:17:35

########## .venv/Scripts/python.exe -m experiments.a2_olist_arrivals summary ##########  21:17:35

[A2] Olist-arrival robustness -- poisson vs olist
======================================================================================

SERVICE_FAILURE_RATE  (lower is better)
--------------------------------------------------------------------------------------
  method                        poisson                  olist        delta
  ours            0.0701 [0.0460,0.0973] #3  0.2143 [0.1678,0.2613] #2     +0.1442
  greedy_mpc      0.0624 [0.0395,0.0886] #1  0.2043 [0.1587,0.2510] #1     +0.1419
  snapshot_xgb    0.0691 [0.0450,0.0968] #2  0.2149 [0.1689,0.2619] #3     +0.1458
  eedd            0.0977 [0.0587,0.1428] #4  0.3299 [0.2545,0.4069] #4     +0.2322
  best: poisson=greedy_mpc  olist=greedy_mpc   [RANK SHIFT -> greedy_mpc]

COMPOSITE_COST  (lower is better)
--------------------------------------------------------------------------------------
  method                        poisson                  olist        delta
  ours           381.2460 [233.1249,554.9894] #2 1812.2931 [1295.8632,2377.3798] #2  +1431.0472
  greedy_mpc     356.1368 [208.2928,528.7411] #1 1782.6614 [1264.6775,2351.7362] #1  +1426.5246
  snapshot_xgb   388.7640 [235.3720,567.7172] #3 1842.0406 [1320.3461,2415.8546] #3  +1453.2767
  eedd           695.7708 [375.8357,1075.5894] #4 3806.0708 [2650.2719,5061.2488] #4  +3110.3000
  best: poisson=greedy_mpc  olist=greedy_mpc   [RANK SHIFT -> greedy_mpc]

MEAN_TARDINESS  (lower is better)
--------------------------------------------------------------------------------------
  method                        poisson                  olist        delta
  ours            0.8221 [0.4076,1.3201] #3  5.9295 [4.0030,8.0471] #3     +5.1074
  greedy_mpc      0.7770 [0.3685,1.2687] #1  5.9026 [3.9597,8.0287] #1     +5.1256
  snapshot_xgb    0.7874 [0.3816,1.2762] #2  5.9053 [3.9639,8.0318] #2     +5.1179
  eedd            0.8249 [0.3647,1.3854] #4  6.9997 [4.5934,9.6457] #4     +6.1749
  best: poisson=greedy_mpc  olist=greedy_mpc   [RANK SHIFT -> greedy_mpc]

[A2] figure -> figures\A2/olist_arrivals_compare.png
########## rc=0  21:17:37

########## .venv/Scripts/python.exe -m experiments.e3_ablations inference ##########  21:17:37

[E3 inference] running no_calibration on 50 test shifts (scenario=default)
  sla_breach=0.0695  mean_tard=0.8213  composite_cost=378.1343  throughput=732.22  inference=0.500ms/decision

[E3 inference] running no_switching_controller on 50 test shifts (scenario=default)
  sla_breach=0.0694  mean_tard=0.8182  composite_cost=379.7739  throughput=732.06  inference=1.616ms/decision
########## rc=0  21:17:45

########## .venv/Scripts/python.exe -m experiments.e3_ablations retrain no_regime ##########  21:17:45
[Phase 4] run_id=e3_no_regime  smoke=False  seed=1337
[Phase 4] data: C:\CAOR\data\train.parquet / C:\CAOR\data\test.parquet
[Phase 4] train: 8000 rows; test: 1525 rows
[Phase 4] labels: tau=4 M=20 beta=0.4698 policy=random
[Phase 4] pool (from labels, K=6) = ['EEDD', 'COVERT', 'MS', 'ATC', 'MDD', 'EDD']
[Phase 4] --no-regime: skipping the regime layer entirely.
[Phase 4] HP search on training data (cross_validate_ranker)...
  best params = {'max_depth': 6, 'n_estimators': 200, 'learning_rate': 0.03}
  mean CV soft-xent = 0.87528  per-fold = ['0.8349', '0.8892', '0.8936', '0.8710', '0.8878']
  HP-search wall: 1709.8s  (combos: 18)
[Phase 4] skip-cv-cal flag set; not running 5-fold calibration report.
[Phase 4] final calibration split: 6400 train rows (200 shifts) / 1600 calibration rows (50 shifts)
[Phase 4] refit ranker on inner-train with best HPs...
  refit wall: 34.8s
[Phase 4] fitting isotonic calibrator on the 20% shift split...
  calibration wall: 0.0s
[Phase 4] evaluating calibration on test.parquet...
  ECE  pre=0.1679   post=0.0264
  Brier pre=0.1735  post=0.1256
  soft-xent  pre=0.82801  post=2.28900
  test rows: 1525

Saved artifacts under runs\e3_no_regime/
  calibrator.joblib
  model.json
  phase4_metrics.json
  ranker_meta.joblib
[E3 retrain] no_regime: train=C:\CAOR\data\train.parquet  test=C:\CAOR\data\test.parquet
[E3 retrain] no_regime: training wall-clock 1746.4s

[E3 retrain] no_regime: sla_breach=0.0698  composite_cost=378.5896  train=1746.4s  inference=1.251ms/decision
########## rc=0  21:46:57

########## .venv/Scripts/python.exe -m experiments.e3_ablations retrain hard_labels ##########  21:46:57
[Phase 4] run_id=e3_hard_labels  smoke=False  seed=1337
[Phase 4] data: C:\CAOR\data\e3_hard_labels\train.parquet / C:\CAOR\data\e3_hard_labels\test.parquet
[Phase 4] train: 8000 rows; test: 1525 rows
[Phase 4] derived labels: hard labels: one-hot argmax(p) replacing the soft target
[Phase 4] labels: tau=4 M=20 beta=0.4698 policy=random
[Phase 4] pool (from labels, K=6) = ['EEDD', 'COVERT', 'MS', 'ATC', 'MDD', 'EDD']
[Phase 4] fitting regime layer (GMM, K-sweep + ARI stability)...
[regime] WARNING: BIC-optimal K=12 sits at the EDGE of k_grid=[2, 3, 4, 5, 6, 7, 8, 10, 12]. K is being chosen by the grid boundary, not by the data. Widen cfg.regime.k_grid and re-run before reporting K*.
  K* = 12  BIC = -239726.1  mean ARI = 0.9694  stable=True  (135.0s)
  BIC sweep: {2: 39104.02769477817, 3: -38035.0497596581, 4: -89346.28214860366, 5: -154822.91437143285, 6: -159307.60188370963, 7: -157354.0716793113, 8: -168012.10378700795, 10: -221978.0580663906, 12: -239511.05793574287}
  attached regime posteriors: ['regime_post_0', 'regime_post_1', 'regime_post_2', 'regime_post_3', 'regime_post_4', 'regime_post_5', 'regime_post_6', 'regime_post_7', 'regime_post_8', 'regime_post_9', 'regime_post_10', 'regime_post_11']
[Phase 4] HP search on training data (cross_validate_ranker)...
  best params = {'max_depth': 4, 'n_estimators': 200, 'learning_rate': 0.03}
  mean CV soft-xent = 0.32649  per-fold = ['0.3325', '0.3297', '0.3174', '0.3406', '0.3124']
  HP-search wall: 1774.3s  (combos: 18)
[Phase 4] skip-cv-cal flag set; not running 5-fold calibration report.
[Phase 4] final calibration split: 6400 train rows (200 shifts) / 1600 calibration rows (50 shifts)
[Phase 4] refit ranker on inner-train with best HPs...
  refit wall: 26.0s
[Phase 4] fitting isotonic calibrator on the 20% shift split...
  calibration wall: 0.0s
[Phase 4] evaluating calibration on test.parquet...
  ECE  pre=0.0197   post=0.0164
  Brier pre=0.1182  post=0.1213
  soft-xent  pre=0.26053  post=0.44859
  test rows: 1525

Saved artifacts under runs\e3_hard_labels/
  calibrator.joblib
  model.json
  phase4_metrics.json
  phase4_regime.json
  ranker_meta.joblib
  regime.joblib
[E3 retrain] hard_labels: train=C:\CAOR\data\e3_hard_labels\train.parquet  test=C:\CAOR\data\e3_hard_labels\test.parquet
[E3 retrain] hard_labels: training wall-clock 1936.8s

[E3 retrain] hard_labels: sla_breach=0.0700  composite_cost=382.3324  train=1936.8s  inference=1.642ms/decision
########## rc=0  22:19:21

########## .venv/Scripts/python.exe -m experiments.e3_ablations retrain random_ambiguity_filter ##########  22:19:21
[Phase 4] run_id=e3_random_ambiguity_filter  smoke=False  seed=1337
[Phase 4] data: C:\CAOR\data\e3_random_ambiguity_filter\train.parquet / C:\CAOR\data\e3_random_ambiguity_filter\test.parquet
[Phase 4] train: 8000 rows; test: 1525 rows
[Phase 4] derived labels: random test filter: 1525/1600 rows kept at random instead of by confidence
[Phase 4] labels: tau=4 M=20 beta=0.4698 policy=random
[Phase 4] pool (from labels, K=6) = ['EEDD', 'COVERT', 'MS', 'ATC', 'MDD', 'EDD']
[Phase 4] fitting regime layer (GMM, K-sweep + ARI stability)...
[regime] WARNING: BIC-optimal K=12 sits at the EDGE of k_grid=[2, 3, 4, 5, 6, 7, 8, 10, 12]. K is being chosen by the grid boundary, not by the data. Widen cfg.regime.k_grid and re-run before reporting K*.
  K* = 12  BIC = -239726.1  mean ARI = 0.9694  stable=True  (135.1s)
  BIC sweep: {2: 39104.02769477817, 3: -38035.0497596581, 4: -89346.28214860366, 5: -154822.91437143285, 6: -159307.60188370963, 7: -157354.0716793113, 8: -168012.10378700795, 10: -221978.0580663906, 12: -239511.05793574287}
  attached regime posteriors: ['regime_post_0', 'regime_post_1', 'regime_post_2', 'regime_post_3', 'regime_post_4', 'regime_post_5', 'regime_post_6', 'regime_post_7', 'regime_post_8', 'regime_post_9', 'regime_post_10', 'regime_post_11']
[Phase 4] HP search on training data (cross_validate_ranker)...
  best params = {'max_depth': 6, 'n_estimators': 200, 'learning_rate': 0.03}
  mean CV soft-xent = 0.87499  per-fold = ['0.8347', '0.8880', '0.8950', '0.8694', '0.8878']
  HP-search wall: 2229.1s  (combos: 18)
[Phase 4] skip-cv-cal flag set; not running 5-fold calibration report.
[Phase 4] final calibration split: 6400 train rows (200 shifts) / 1600 calibration rows (50 shifts)
[Phase 4] refit ranker on inner-train with best HPs...
  refit wall: 45.3s
[Phase 4] fitting isotonic calibrator on the 20% shift split...
  calibration wall: 0.0s
[Phase 4] evaluating calibration on test.parquet...
  ECE  pre=0.1590   post=0.0190
  Brier pre=0.1983  post=0.1545
  soft-xent  pre=0.88538  post=2.62198
  test rows: 1525

Saved artifacts under runs\e3_random_ambiguity_filter/
  calibrator.joblib
  model.json
  phase4_metrics.json
  phase4_regime.json
  ranker_meta.joblib
  regime.joblib
[E3 random_filter] kept 1525/1600 test rows at random (theta-filter kept the same count by confidence)
[E3 retrain] random_ambiguity_filter: train=C:\CAOR\data\e3_random_ambiguity_filter\train.parquet  test=C:\CAOR\data\e3_random_ambiguity_filter\test.parquet
[E3 retrain] random_ambiguity_filter: training wall-clock 2411.4s

[E3 retrain] random_ambiguity_filter: sla_breach=0.0701  composite_cost=381.2460  train=2411.4s  inference=1.689ms/decision
########## rc=0  22:59:39

########## .venv/Scripts/python.exe -m experiments.e3_ablations retrain top5_features ##########  22:59:39
[Phase 4] run_id=e3_top5_features  smoke=False  seed=1337
[Phase 4] data: C:\CAOR\data\train.parquet / C:\CAOR\data\test.parquet
[Phase 4] train: 8000 rows; test: 1525 rows
[Phase 4] labels: tau=4 M=20 beta=0.4698 policy=random
[Phase 4] pool (from labels, K=6) = ['EEDD', 'COVERT', 'MS', 'ATC', 'MDD', 'EDD']
[Phase 4] restricted state (5 features): ['f_queue_length', 'f_queue_length_lag_1', 'f_mean_slack_minutes', 'f_interval_index_in_shift', 'f_queue_length_lag_2']
[Phase 4] fitting regime layer (GMM, K-sweep + ARI stability)...
[regime] WARNING: BIC-optimal K=12 sits at the EDGE of k_grid=[2, 3, 4, 5, 6, 7, 8, 10, 12]. K is being chosen by the grid boundary, not by the data. Widen cfg.regime.k_grid and re-run before reporting K*.
  K* = 12  BIC = -239726.1  mean ARI = 0.9694  stable=True  (134.7s)
  BIC sweep: {2: 39104.02769477817, 3: -38035.0497596581, 4: -89346.28214860366, 5: -154822.91437143285, 6: -159307.60188370963, 7: -157354.0716793113, 8: -168012.10378700795, 10: -221978.0580663906, 12: -239511.05793574287}
  attached regime posteriors: ['regime_post_0', 'regime_post_1', 'regime_post_2', 'regime_post_3', 'regime_post_4', 'regime_post_5', 'regime_post_6', 'regime_post_7', 'regime_post_8', 'regime_post_9', 'regime_post_10', 'regime_post_11']
[Phase 4] HP search on training data (cross_validate_ranker)...
  best params = {'max_depth': 4, 'n_estimators': 200, 'learning_rate': 0.03}
  mean CV soft-xent = 0.88072  per-fold = ['0.8396', '0.8945', '0.8989', '0.8778', '0.8929']
  HP-search wall: 1207.0s  (combos: 18)
[Phase 4] skip-cv-cal flag set; not running 5-fold calibration report.
[Phase 4] final calibration split: 6400 train rows (200 shifts) / 1600 calibration rows (50 shifts)
[Phase 4] refit ranker on inner-train with best HPs...
  refit wall: 17.4s
[Phase 4] fitting isotonic calibrator on the 20% shift split...
  calibration wall: 0.0s
[Phase 4] evaluating calibration on test.parquet...
  ECE  pre=0.1680   post=0.0251
  Brier pre=0.1721  post=0.1273
  soft-xent  pre=0.83269  post=2.58114
  test rows: 1525

Saved artifacts under runs\e3_top5_features/
  calibrator.joblib
  model.json
  phase4_metrics.json
  phase4_regime.json
  ranker_meta.joblib
  regime.joblib
[E3 top5_features] retaining ['f_queue_length', 'f_queue_length_lag_1', 'f_mean_slack_minutes', 'f_interval_index_in_shift', 'f_queue_length_lag_2']
[E3 retrain] top5_features: train=C:\CAOR\data\train.parquet  test=C:\CAOR\data\test.parquet
[E3 retrain] top5_features: training wall-clock 1360.7s

[E3 retrain] top5_features: sla_breach=0.0708  composite_cost=382.5605  train=1360.7s  inference=1.650ms/decision
########## rc=0  23:22:26

########## .venv/Scripts/python.exe -m experiments.e3_ablations relabel single_sample_rollout ##########  23:22:26
[E3 relabel] single_sample_rollout — changes the estimator, so it needs a full labelling pass.

  1) python -m experiments.generate_labels --n-samples 1 \
       --train-out data/e3_single_sample_rollout/train.parquet \
       --test-out data/e3_single_sample_rollout/test.parquet
  2) python -m experiments.train_ranker --run-id e3_single_sample_rollout \
       --train-path data/e3_single_sample_rollout/train.parquet \
       --test-path data/e3_single_sample_rollout/test.parquet --skip-cv-cal
  3) python -m experiments.evaluate --method ours \
       --run-dir runs/e3_single_sample_rollout --results-dir results/E3

  Step 1 is the expensive one; run it from a detached session.
########## rc=0  23:22:27

########## .venv/Scripts/python.exe -m experiments.e3_ablations summary ##########  23:22:27

[E3 summary] service_failure_rate:
                 method  point  ci_lo  ci_hi  diff_point  p_raw  p_adj_bh reject_bh
                   ours 0.0701 0.0461 0.0972      0.0000    NaN       NaN     False
            hard_labels 0.0700 0.0462 0.0972     -0.0001 0.9773    1.0000     False
         no_calibration 0.0695 0.0458 0.0963     -0.0006 0.1208    0.5189     False
              no_regime 0.0698 0.0458 0.0971     -0.0003 0.6379    0.9568     False
no_switching_controller 0.0694 0.0455 0.0966     -0.0007 0.3329    0.6658     False
random_ambiguity_filter 0.0701 0.0461 0.0972      0.0000 1.0000    1.0000     False
          top5_features 0.0708 0.0465 0.0983      0.0007 0.1730    0.5189     False

[E3 summary] mean_tardiness:
                 method  point  ci_lo  ci_hi  diff_point  p_raw  p_adj_bh reject_bh
                   ours 0.8221 0.4083 1.3383      0.0000    NaN       NaN     False
            hard_labels 0.8126 0.3989 1.3277     -0.0094 0.0355    0.2129     False
         no_calibration 0.8213 0.4083 1.3337     -0.0007 0.9479    1.0000     False
              no_regime 0.8244 0.4123 1.3374      0.0023 0.2455    0.3682     False
no_switching_controller 0.8182 0.4031 1.3344     -0.0039 0.2132    0.3682     False
random_ambiguity_filter 0.8221 0.4083 1.3383      0.0000 1.0000    1.0000     False
          top5_features 0.8291 0.4158 1.3414      0.0070 0.0854    0.2562     False

[E3 summary] composite_cost:
                 method    point    ci_lo    ci_hi  diff_point  p_raw  p_adj_bh reject_bh
                   ours 381.2460 233.5146 557.1625      0.0000    NaN       NaN     False
            hard_labels 382.3324 234.9160 557.5822      1.0865 0.7916    0.9499     False
         no_calibration 378.1343 231.1481 552.0957     -3.1117 0.0496    0.2973     False
              no_regime 378.5896 231.1833 554.2121     -2.6564 0.1337    0.4012     False
no_switching_controller 379.7739 231.7660 555.9554     -1.4721 0.2477    0.4955     False
random_ambiguity_filter 381.2460 233.5146 557.1625      0.0000 1.0000    1.0000     False
          top5_features 382.5605 233.7111 560.6853      1.3145 0.4455    0.6682     False

[E3 summary] wrote results\E3\e3_summary.parquet

[E3 summary] cost of each ablation (training wall-clock, inference latency):
               ablation  retrained  train_wall_clock_s  decision_latency_ms_mean  decision_latency_ms_p95
            hard_labels       True            1936.848                     1.642                    1.797
         no_calibration      False                 n/a                     0.500                    0.515
              no_regime       True            1746.392                     1.251                    1.374
no_switching_controller      False                 n/a                     1.616                    1.816
random_ambiguity_filter       True            2411.408                     1.689                    1.940
          top5_features       True            1360.672                     1.650                    1.845
[E3 summary] wrote results\E3\e3_cost_summary.parquet
########## rc=0  23:22:29
STAGE5 END 23:22:29
STAGE5 COMPLETE
--- failures ---
rc=1  .venv/Scripts/python.exe -m experiments.fig_data_efficiency
rc=1  .venv/Scripts/python.exe -m experiments.e4_sensitivity tau
